//
// Created by james on 7/12/2026.
//

#include "sprites.h"
#include <Arduino.h>

const uint16_t fighter16x16[SPRITE_W * SPRITE_H] PROGMEM  = {
 0x320a, 0xf81f, 0xf81f, 0xf81f, 0xf81f, 0xf81f, 0xf81f, 0xf81f, 0x0800, 0x0000, 0x4100, 0x4900, 0x0001, 0xf81f, 0xf81f, 0xf81f,
 0x5b70, 0xe7df, 0xf81f, 0xf81f, 0xf81f, 0xf81f, 0xf81f, 0x0000, 0x5120, 0x5120, 0x5120, 0x5120, 0x5120, 0x1840, 0xf81f, 0xf81f,
 0x530e, 0xa5fa, 0x9d98, 0xf81f, 0xf81f, 0xf81f, 0x1020, 0x5120, 0xa261, 0xb2c1, 0xb2c1, 0xa261, 0xaaa1, 0x5120, 0xf81f, 0xf81f,
 0x0000, 0x63d2, 0xbe7c, 0x4aec, 0xf81f, 0xf81f, 0x2880, 0x81e1, 0x8a01, 0x9241, 0x8a00, 0x6160, 0x79c1, 0x48e0, 0x2040, 0xf81f,
 0xf81f, 0x320a, 0xa5fa, 0xa5fa, 0x320a, 0xf81f, 0x1020, 0x2860, 0x30c0, 0x7222, 0x5941, 0x82a3, 0x4121, 0x2040, 0x1020, 0xf81f,
 0xf81f, 0x320a, 0x7cd5, 0xadfa, 0x1926, 0xf81f, 0xf81f, 0x82a3, 0x7308, 0x0000, 0xee0c, 0x0000, 0x9368, 0x5161, 0xf81f, 0xf81f,
 0xf81f, 0xf81f, 0x322c, 0x8cb0, 0x9c45, 0xf81f, 0xf81f, 0x6a43, 0xa428, 0xd58c, 0xe52a, 0xc50b, 0xabe7, 0x69e0, 0xf81f, 0xf81f,
 0xf81f, 0xf81f, 0x61c0, 0xa3c2, 0x9b62, 0x5a44, 0x3187, 0x72c6, 0x59c3, 0x62ec, 0xfd79, 0xac66, 0x7366, 0x7be9, 0x6244, 0x6201,
 0xf81f, 0xf81f, 0x4940, 0x7222, 0x92c3, 0x6267, 0x5207, 0x2169, 0x4a8c, 0x7bec, 0x5ae9, 0x8c08, 0x43d5, 0x7cb1, 0x630a, 0x5120,
 0xf81f, 0xf81f, 0xf81f, 0x51a2, 0x8262, 0x4962, 0x1061, 0x0003, 0x118e, 0x842b, 0x3a4b, 0x7ba9, 0x3bb5, 0x7c4f, 0x6aa8, 0x5120,
 0xf81f, 0xf81f, 0xf81f, 0x0000, 0x69e1, 0x61c0, 0x0000, 0x1064, 0x61a1, 0x8ac2, 0x4122, 0x6244, 0x430f, 0x5b2d, 0x5a47, 0x5120,
 0xf81f, 0xf81f, 0xf81f, 0xf81f, 0xf81f, 0xf81f, 0x08e7, 0x4229, 0x42ad, 0x2b15, 0x5b0b, 0x5289, 0x69c2, 0x5209, 0x6225, 0x5141,
 0xf81f, 0xf81f, 0xf81f, 0xf81f, 0xf81f, 0x10e5, 0x2251, 0x1949, 0x39e7, 0x5b4c, 0x4a05, 0x42ac, 0x10a5, 0x69c0, 0x59a0, 0xf81f,
 0xf81f, 0xf81f, 0xf81f, 0xf81f, 0x0800, 0x7a42, 0x6267, 0x20c4, 0x0000, 0x0000, 0x0001, 0x2927, 0x7a64, 0x3080, 0xf81f, 0xf81f,
 0xf81f, 0xf81f, 0xf81f, 0x0000, 0x4921, 0x9261, 0x6940, 0x1000, 0x0001, 0x0001, 0x0000, 0x30a0, 0x81e0, 0x71c1, 0x28a0, 0xf81f,
 0xf81f, 0xf81f, 0xf81f, 0x5120, 0x5120, 0x5120, 0x38c0, 0x0000, 0x0000, 0x0000, 0x0000, 0x0000, 0x38c0, 0x9a81, 0x5120, 0x5120
};

const uint16_t wizard16x16[SPRITE_W * SPRITE_H] PROGMEM  = {
    0xf81f, 0xf81f, 0xf81f, 0xf81f, 0xf81f, 0xf81f, 0xf81f, 0xf81f, 0xd898, 0x818e, 0x318b, 0x31aa, 0x716d, 0xb839, 0xf81f, 0xf81f,
    0xf81f, 0xf81f, 0xf81f, 0xf81f, 0xf81f, 0xf81f, 0xf81f, 0x88d2, 0x4a8b, 0x52ed, 0x6b0c, 0x41e9, 0x39c5, 0x0926, 0x508c, 0xf01e,
    0xf81f, 0xf81f, 0xf81f, 0xf81f, 0xf81f, 0xf81f, 0x88b2, 0x220b, 0x7b2a, 0x422d, 0x5a6a, 0x2164, 0x9013, 0xc019, 0xa035, 0xf81f,
    0xf81f, 0xf81f, 0xf81f, 0xd879, 0x910f, 0x612b, 0x39c6, 0x4a4a, 0x5a8a, 0x422c, 0x214b, 0x31a4, 0x706e, 0xf81f, 0xf81f, 0xf81f,
    0xf81f, 0xe097, 0xf01e, 0x790c, 0x0140, 0x18e0, 0x5161, 0x5161, 0x51a2, 0x5a04, 0x5227, 0x39a7, 0x3185, 0x70cd, 0xc039, 0xf81f,
    0xc8f4, 0x8447, 0x7aac, 0xb073, 0x8871, 0x38c2, 0x4101, 0x6183, 0x8244, 0x30e1, 0x4121, 0x51a2, 0x4163, 0x1940, 0x2921, 0xb896,
    0x8224, 0x4bcf, 0x2aed, 0x892a, 0xf81f, 0xb817, 0x4163, 0xc46a, 0xd4cb, 0xb46d, 0x9284, 0x5162, 0x1880, 0x582b, 0xc019, 0xf81f,
    0xd058, 0x5964, 0x5220, 0xb074, 0xf81f, 0x8831, 0x3162, 0x82e6, 0x9b88, 0x8ae6, 0x3944, 0x3964, 0x1923, 0x7830, 0xf81f, 0xf81f,
    0xf81f, 0xd01a, 0x5983, 0x908f, 0xb859, 0x4108, 0x3164, 0x5a25, 0x41a5, 0x49e6, 0x41c7, 0x2947, 0x526a, 0x6a66, 0xc019, 0xf81f,
    0xf81f, 0xf81f, 0x81ea, 0x7b04, 0x72c4, 0x2987, 0x18c4, 0x5a69, 0x8305, 0x526b, 0x39a9, 0x0864, 0x3167, 0x424a, 0x2968, 0xd83b,
    0xf81f, 0xf01e, 0xc270, 0x72a3, 0x3940, 0x5927, 0x2806, 0x3963, 0x72a4, 0x3923, 0x4942, 0x4121, 0x1882, 0x524a, 0x52a5, 0x910d,
    0xf81f, 0xf81f, 0xf81f, 0x60e7, 0x50a7, 0xb817, 0x4148, 0x5226, 0x7282, 0x3147, 0x5162, 0x5981, 0x28a1, 0x8aa4, 0xa3a3, 0xb874,
    0xf81f, 0xf81f, 0xf81f, 0xb874, 0x6125, 0x68ac, 0x320b, 0x7ae7, 0x7281, 0x6aeb, 0x39a9, 0x2926, 0x2905, 0x3963, 0x896c, 0xf81f,
    0xf81f, 0xf81f, 0xf81f, 0xf01e, 0x50e4, 0x41c4, 0x526d, 0x7264, 0x28c0, 0x7ae7, 0x3a0e, 0x7b09, 0x296a, 0x2124, 0x38a6, 0xf01d,
    0xf81f, 0xf81f, 0xf81f, 0xf81f, 0x784e, 0x41e0, 0x72a3, 0x4140, 0x0001, 0x6a23, 0x62a8, 0x6268, 0x6265, 0x5183, 0x98cf, 0xf01e,
    0xf81f, 0xf81f, 0xf81f, 0xe83d, 0x9873, 0x6088, 0x3884, 0x3086, 0x508a, 0x60cb, 0x6128, 0x4122, 0x4140, 0x3085, 0xa856, 0xe03c
};

const uint16_t rogue16x16[SPRITE_W * SPRITE_H] PROGMEM  = {
    0xe81d, 0xe81d, 0xe81d, 0xf01d, 0xf81f, 0xa834, 0x68ab, 0x808e, 0x9852, 0xc819, 0xf01e, 0xe83d, 0xe83d, 0xe83d, 0xe83d, 0xe83d,
    0xe81d, 0xe81d, 0xe81d, 0xe01c, 0x78ad, 0x41a1, 0x41a1, 0x3160, 0x39c0, 0x4124, 0xd81a, 0xf01e, 0xe83d, 0xe83d, 0xe83d, 0xe83d,
    0xe81d, 0xe83d, 0xf81e, 0xa834, 0x3160, 0x51c3, 0x4983, 0x4983, 0x59c3, 0x3181, 0x5088, 0xe81d, 0xe83d, 0xe83d, 0xe83d, 0xe83d,
    0xe83d, 0xe83d, 0xf81f, 0xa834, 0x2120, 0xc618, 0x7224, 0xc618, 0x28e2, 0x28e1, 0x1862, 0xb016, 0xf03e, 0xe83d, 0xe83d, 0xe81d,
    0xe83d, 0xe83d, 0xf03e, 0xc819, 0x2883, 0x61e3, 0xbba7, 0x82e7, 0x7a44, 0x5983, 0x0080, 0x40a8, 0xf01d, 0xe83d, 0xe81d, 0xe81d,
    0xf01e, 0xe81d, 0xf01d, 0xd81b, 0x28a5, 0x41c4, 0x5a47, 0x6288, 0x51a4, 0x2903, 0x1102, 0x3867, 0xf01e, 0xe81d, 0xe81d, 0xe81d,
    0xc097, 0xe81c, 0xf81f, 0xb856, 0x1903, 0x10c3, 0x10c3, 0x10a3, 0x10c3, 0x2124, 0x2144, 0x20e3, 0xb816, 0xf81e, 0xe81d, 0xe81d,
    0x92b2, 0xaa95, 0xf81f, 0x706e, 0x1101, 0x18c2, 0x2903, 0x2103, 0x18a2, 0x18c3, 0x2945, 0x1943, 0x38c7, 0xe81d, 0xf01d, 0xe81d,
    0xb8b7, 0x7c4f, 0x90f2, 0x50a6, 0x20c0, 0x20a1, 0x4142, 0x4942, 0x3102, 0x0840, 0x20c1, 0x20c2, 0x08c1, 0x708e, 0xf81e, 0xe81d,
    0xe81d, 0x720c, 0x4ae4, 0x2921, 0x1861, 0x1881, 0x41c6, 0x3923, 0x30c1, 0x20a1, 0x20c1, 0x3922, 0x0020, 0x00a0, 0x8870, 0xf81f,
    0xf01e, 0x90ef, 0x4a00, 0x30c2, 0x1842, 0x28e1, 0x2924, 0x2903, 0x28a1, 0x3922, 0x49c5, 0x3103, 0x0020, 0x0861, 0x08c1, 0xb837,
    0xe81d, 0xf01e, 0xb874, 0x38e4, 0x18c1, 0x4163, 0x18c2, 0x20e2, 0x3943, 0x30e1, 0x59c4, 0x3922, 0x0841, 0x1082, 0x08c1, 0x28a5,
    0xe81d, 0xf03d, 0xf01e, 0x600d, 0x28e3, 0x3143, 0x0860, 0x0040, 0x3143, 0x2902, 0x0020, 0x0061, 0x00a0, 0x00a0, 0x3887, 0x584b,
    0xe81d, 0xe83d, 0xf03d, 0xe81d, 0x40c5, 0x2901, 0x2864, 0x2045, 0x18a1, 0x3942, 0x20c1, 0x1843, 0x704e, 0x5049, 0x9853, 0xf81f,
    0xe81d, 0xe83d, 0xf01d, 0xd039, 0x4104, 0x1900, 0x4848, 0xd03a, 0x9832, 0x30e1, 0x2100, 0x802f, 0xf81f, 0xe81c, 0xe01c, 0xf01d,
    0xe81d, 0xf01d, 0xd05a, 0x708d, 0x40c5, 0x38a6, 0x48a9, 0x70ef, 0x70ae, 0x30c3, 0x2901, 0x588a, 0xb076, 0xe81d, 0xf01d, 0xe81d
};

const uint16_t cleric16x16[SPRITE_W * SPRITE_H] PROGMEM  = {
        0xf81f, 0xf81f, 0xf81f, 0xf81f, 0xf81f, 0xf81f, 0xc838, 0x88eb, 0x892b, 0x88ec, 0xc839, 0xf81f, 0xf81f, 0xf81f, 0xf81f, 0xf81f,
    0xf81f, 0xf81f, 0xf81f, 0xf81f, 0xf81f, 0xd83a, 0x69c2, 0x51c0, 0x7a42, 0x82a1, 0x59a2, 0xd81b, 0xf81f, 0xf81f, 0xf81f, 0xf81f,
    0xf81f, 0x9151, 0xa955, 0xc859, 0xf81f, 0xa0b0, 0x6200, 0x8224, 0x7a23, 0x71c3, 0x4180, 0x9070, 0xf81f, 0xf81f, 0xf81f, 0xf81f,
    0xd03a, 0x9491, 0x7cce, 0x61cb, 0xf81f, 0x786c, 0x4981, 0xc3c7, 0x59a3, 0x4942, 0x4981, 0x60a7, 0xf01e, 0xf81f, 0xf81f, 0xf81f,
    0x98b3, 0x5329, 0x4aa8, 0x4968, 0xf81f, 0x880f, 0x6283, 0xdd2c, 0xbc8b, 0x8285, 0x4121, 0x30a3, 0xe81d, 0xf81f, 0xf81f, 0xf81f,
    0xf81f, 0x58cb, 0x3221, 0x98b0, 0xe81d, 0x8aec, 0x49e5, 0x9369, 0x7ac8, 0x4185, 0xa4af, 0x6b29, 0xa053, 0xf81f, 0xf81f, 0xf81f,
    0xf81f, 0xf01e, 0x7909, 0xb894, 0xa095, 0x6324, 0x8bab, 0x7b8d, 0x734d, 0x7b06, 0x8baa, 0x740c, 0x4929, 0xf81f, 0xf81f, 0xf81f,
    0xf81f, 0xf81f, 0xb874, 0x80cb, 0x78cf, 0x10e1, 0xc50d, 0xedca, 0xfef3, 0x72e7, 0x18c3, 0x4a27, 0x20c3, 0xe01c, 0xf81f, 0xf81f,
    0xf81f, 0xf81f, 0xc056, 0x3120, 0x5205, 0x3143, 0x6a66, 0xac09, 0xb4ac, 0x49c5, 0x0841, 0x51a4, 0x4a03, 0x8050, 0xf81f, 0xf81f,
    0xf81f, 0xf81f, 0xb073, 0x3940, 0x20a1, 0x18a2, 0x3922, 0x51a2, 0x3901, 0x4121, 0x28a0, 0x7b6a, 0x6b09, 0x4964, 0xe01d, 0xf81f,
    0xf81f, 0xf81f, 0xf81f, 0x808d, 0x28e0, 0x3187, 0x8bcb, 0xb4ce, 0x7b29, 0x4183, 0x4121, 0x7a65, 0x3123, 0x6ae2, 0xa0f4, 0xf81f,
    0xf81f, 0xf81f, 0xf81f, 0xd859, 0x3961, 0x31a7, 0xa46c, 0xff17, 0xa4af, 0x4a6a, 0x3144, 0x30c1, 0x0863, 0x6ae5, 0x7a8c, 0xe81e,
    0xf81f, 0xf81f, 0xf81f, 0xb894, 0x3180, 0x3984, 0xb4ce, 0xeed7, 0xac8d, 0x4a27, 0x4a69, 0x20e2, 0x10a5, 0x5a44, 0x83c8, 0xb018,
    0xf81f, 0xf81f, 0xf81f, 0xc095, 0x38e4, 0x30e1, 0xac28, 0xddef, 0xa447, 0x3162, 0x5205, 0x28c1, 0x3904, 0x69c5, 0x83e3, 0xb856,
    0xf81f, 0xf81f, 0xf81f, 0xf01f, 0x9871, 0x3120, 0x18e0, 0x5983, 0x910d, 0x5049, 0x4940, 0x3900, 0xa054, 0xc878, 0xb110, 0xf81f,
    0xf81f, 0xf81f, 0xf81f, 0xe03d, 0x888f, 0x78ac, 0x704e, 0x8051, 0xa075, 0x8871, 0x5123, 0x48c5, 0x8892, 0xc859, 0xf81f, 0xf81f
};


// FIGHTERWALK1  64 x 64  (RGB565)
const uint16_t FIGHTERWALK1[START_W * START_H] PROGMEM = {
 0x0000, 0x0000, 0x0000, 0x0000, 0x0000, 0x0000, 0x0000, 0x0000, 0x0000, 0x0000, 0x0000, 0x0000, 0x0000, 0x0000, 0x0000, 0x0000, 0x0000, 0x0000, 0x0000, 0x0000, 0x0000, 0x0000, 0x0000, 0x0000,
  0x0000, 0x0061, 0x0041, 0x0000, 0x0000, 0x0000, 0x0000, 0x0000, 0x0000, 0x0000, 0x0000, 0x0000, 0x0862, 0x0042, 0x0000, 0x0000, 0x0000, 0x0000, 0x0000, 0x0000, 0x0000, 0x0000, 0x0000, 0x0000,
  0x0000, 0x0000, 0x0000, 0x0000, 0x0000, 0x0000, 0x0000, 0x0000, 0x0000, 0x0000, 0x0000, 0x0000, 0x0000, 0x0862, 0x0000, 0x0000, 0x0000, 0x0000, 0x0000, 0x0000, 0x0862, 0x0861, 0x0000, 0x0000,
  0x0000, 0x0000, 0x0000, 0x0000, 0x0000, 0x0000, 0x0000, 0x0000, 0x0000, 0x0000, 0x0000, 0x0000, 0x0000, 0x0000, 0x0000, 0x0000, 0x0861, 0x2081, 0x28A1, 0x0861, 0x0061, 0x0062, 0x0061, 0x0041, 0x0862, 0x0000, 0x0000, 0x0862, 0x1040, 0x28E2, 0x1061, 0x0041, 0x0061, 0x0000, 0x0000, 0x0000,
  0x0000, 0x0000, 0x0000, 0x0000, 0x0000, 0x0000, 0x0000, 0x0000, 0x0000, 0x0000, 0x0000, 0x0000, 0x0000, 0x0000, 0x0000, 0x0000, 0x0000, 0x0000, 0x0000, 0x0000, 0x0000, 0x0000, 0x0000, 0x0861,
  0x0862, 0x10A2, 0x0041, 0x0000, 0x0000, 0x0000, 0x0000, 0x0000, 0x0000, 0x0000, 0x0000, 0x0000, 0x0000, 0x0000, 0x0000, 0x0000, 0x0000, 0x0000, 0x0000, 0x0062, 0x1061, 0x7A04, 0x92A5, 0x3902,
  0x1881, 0x20A1, 0x20A1, 0x20C2, 0x1881, 0x0021, 0x0041, 0x0000, 0x1040, 0x61A3, 0x7A05, 0x30E2, 0x1061, 0x0041, 0x0000, 0x0000, 0x0000, 0x0000, 0x0000, 0x0000, 0x0000, 0x0000, 0x0000, 0x0000,
  0x0000, 0x0000, 0x0000, 0x0000, 0x0000, 0x0000, 0x0000, 0x0000, 0x0000, 0x0000, 0x0000, 0x0000, 0x0000, 0x0000, 0x0862, 0x0841, 0x9CF3, 0xC617, 0x10A2, 0x0020, 0x0000, 0x0000, 0x0000, 0x0000,
  0x0000, 0x0000, 0x0000, 0x0000, 0x0000, 0x0000, 0x0000, 0x0000, 0x0000, 0x0000, 0x0000, 0x0000, 0x0841, 0x30E2, 0x61C4, 0x7A25, 0x7A45, 0x7A45, 0x8245, 0x8A66, 0x7205, 0x4123, 0x4123, 0x3902,
  0x0820, 0x20A1, 0x69A4, 0x7A25, 0x69E4, 0x1881, 0x0841, 0x0000, 0x0000, 0x0062, 0x0862, 0x0000, 0x0000, 0x0000, 0x0000, 0x0000, 0x0000, 0x0000, 0x0000, 0x0000, 0x0000, 0x0000, 0x0000, 0x0000,
  0x0000, 0x0000, 0x0000, 0x0000, 0x0000, 0x0000, 0x0000, 0x4208, 0xFFDF, 0xEF5D, 0xA534, 0x18C3, 0x0000, 0x10A2, 0x0000, 0x0000, 0x0000, 0x0000, 0x0000, 0x0000, 0x0000, 0x0000, 0x0000, 0x0000,
  0x0000, 0x1082, 0x1082, 0x0862, 0x0021, 0x0020, 0x30E2, 0x4943, 0x5163, 0x69E5, 0x7225, 0x7205, 0x7205, 0x7A25, 0x7A25, 0x69E5, 0x59A4, 0x4123, 0x4943, 0x69C4, 0x7A25, 0x7225, 0x28C1, 0x0041,
  0x0000, 0x18A1, 0x1061, 0x0862, 0x0000, 0x0000, 0x0000, 0x0000, 0x0000, 0x0000, 0x0000, 0x0000, 0x0000, 0x0000, 0x0000, 0x0000, 0x0000, 0x0000, 0x0000, 0x0000, 0x0000, 0x0841, 0x0841, 0xAD54,
  0xDEFC, 0xBDF8, 0xD6BB, 0xB596, 0x0041, 0x0862, 0x10A2, 0x0000, 0x0000, 0x0000, 0x0000, 0x0000, 0x0000, 0x0000, 0x0000, 0x0000, 0x0000, 0x0041, 0x0000, 0x28C2, 0x3102, 0x28C2, 0x3902, 0x4122,
  0x4922, 0x5163, 0x69E5, 0x8266, 0x7A26, 0x69E5, 0x69E5, 0x5184, 0x5184, 0x5984, 0x4963, 0x4123, 0x59A4, 0x69E4, 0x4942, 0x1861, 0x0841, 0x5162, 0x28A1, 0x0041, 0x0000, 0x0000, 0x0000, 0x0000,
  0x0000, 0x0000, 0x0000, 0x0000, 0x0000, 0x0000, 0x0000, 0x0000, 0x0000, 0x0000, 0x0000, 0x0000, 0x0000, 0x0020, 0x2104, 0xF79E, 0xD6BA, 0xBE18, 0xCE7A, 0xDEDB, 0x4228, 0x0841, 0x0862, 0x0000,
  0x0000, 0x0000, 0x0000, 0x1082, 0x0000, 0x0000, 0x0000, 0x0041, 0x0841, 0x3102, 0x4143, 0x7204, 0x7A05, 0x71E4, 0x7A05, 0x7205, 0x7205, 0x7205, 0x69E4, 0x61C4, 0x69E5, 0x5984, 0x5163, 0x5184,
  0x4963, 0x4123, 0x4943, 0x4123, 0x5163, 0x59A4, 0x4922, 0x1060, 0x0861, 0x1061, 0x0000, 0x0021, 0x0862, 0x0000, 0x0000, 0x0000, 0x0000, 0x0000, 0x0000, 0x0000, 0x0000, 0x0000, 0x0000, 0x0000,
  0x0000, 0x0000, 0x0000, 0x0000, 0x0000, 0x0020, 0x2124, 0xFFFF, 0xCE9A, 0x8452, 0x8C72, 0xE73C, 0xD679, 0x10C2, 0x0020, 0x0862, 0x0000, 0x0000, 0x0000, 0x0861, 0x0861, 0x0841, 0x0841, 0x4143,
  0x61C4, 0x8A86, 0x8245, 0x61A4, 0x5983, 0x61C4, 0x8266, 0x92C7, 0x8266, 0x6A05, 0x61E4, 0x59A4, 0x5183, 0x59A4, 0x5984, 0x5984, 0x59A4, 0x5983, 0x5963, 0x4943, 0x5163, 0x5163, 0x4122, 0x28C1,
  0x30E2, 0x4963, 0x5163, 0x5163, 0x20A1, 0x0841, 0x0862, 0x0000, 0x0000, 0x0000, 0x0000, 0x0000, 0x0000, 0x0000, 0x0000, 0x0000, 0x0000, 0x0000, 0x0000, 0x0000, 0x0000, 0x0020, 0x20E3, 0xDEFB,
  0xC659, 0x634E, 0x52EC, 0xB5D7, 0xD69A, 0x10C2, 0x0021, 0x0000, 0x0000, 0x0000, 0x0862, 0x0020, 0x3901, 0x5983, 0x69C4, 0x7A25, 0x7A25, 0x69E4, 0x69E4, 0x61A4, 0x7246, 0x8AA7, 0x8AA6, 0x6A05,
  0x7204, 0x7205, 0x7225, 0x7225, 0x6A05, 0x7205, 0x69C4, 0x69C4, 0x61C4, 0x69A4, 0x69A4, 0x5983, 0x61A4, 0x59A4, 0x4122, 0x4102, 0x5163, 0x69E4, 0x69E4, 0x7204, 0x5143, 0x2081, 0x0021, 0x0000,
  0x0000, 0x0000, 0x0000, 0x0000, 0x0000, 0x0000, 0x0000, 0x0000, 0x0000, 0x0000, 0x0000, 0x0000, 0x0000, 0x0020, 0x18C3, 0xD679, 0xBE18, 0x6B8F, 0x636E, 0xBE18, 0xDEDB, 0x18E3, 0x0061, 0x10A2,
  0x0000, 0x0000, 0x0000, 0x0841, 0x1040, 0x3902, 0x4942, 0x5983, 0x4942, 0x4942, 0x4943, 0x59A3, 0x7A25, 0x7A45, 0x61A4, 0x61C4, 0x8266, 0x8266, 0x8266, 0x92C7, 0x8AA7, 0x7205, 0x5983, 0x5983,
  0x69E4, 0x7A25, 0x8266, 0x61C4, 0x5183, 0x59A3, 0x59A4, 0x5163, 0x4102, 0x4963, 0x3902, 0x28C2, 0x1061, 0x0020, 0x0861, 0x0000, 0x0000, 0x0000, 0x0000, 0x0000, 0x0000, 0x0000, 0x0000, 0x0000,
  0x0000, 0x0000, 0x0000, 0x0000, 0x0000, 0x0020, 0x18E3, 0xC638, 0xBDF8, 0x6B8F, 0x6B8F, 0xC618, 0xDEFB, 0x10A2, 0x0041, 0x10C3, 0x10A2, 0x0000, 0x0000, 0x0000, 0x0041, 0x0840, 0x20A1, 0x30E1,
  0x30C1, 0x30E2, 0x4943, 0x61A4, 0x69C4, 0x5142, 0x5983, 0x8266, 0x7A25, 0x8286, 0x8AC7, 0x7A46, 0x7225, 0x5143, 0x5163, 0x7A46, 0x8266, 0x7A66, 0x7226, 0x7205, 0x4143, 0x4123, 0x69E5, 0x7A25,
  0x7205, 0x59A4, 0x59A4, 0x20A1, 0x0000, 0x0861, 0x08A2, 0x0000, 0x0000, 0x0000, 0x0000, 0x0000, 0x0000, 0x0000, 0x0000, 0x0000, 0x0000, 0x0000, 0x0000, 0x0000, 0x0000, 0x0041, 0x2124, 0xCE39,
  0xC618, 0x6B8F, 0x634E, 0xB5D7, 0xDEDB, 0x52AA, 0x1082, 0x0862, 0x0000, 0x0000, 0x0000, 0x0000, 0x0000, 0x0861, 0x0840, 0x1860, 0x4122, 0x59A4, 0x69E4, 0x59A4, 0x3902, 0x4123, 0x7225, 0x7A46,
  0x82A7, 0x7225, 0x61E4, 0x61C4, 0x5983, 0x5963, 0x7A45, 0x9B07, 0x8286, 0x69E5, 0x59A4, 0x61C4, 0x3902, 0x28C2, 0x69E4, 0x8266, 0xAB69, 0x71E5, 0x59A4, 0x69E4, 0x30C2, 0x0020, 0x0862, 0x0000,
  0x0000, 0x0000, 0x0000, 0x0000, 0x0000, 0x0000, 0x0000, 0x0000, 0x0000, 0x0000, 0x0000, 0x0000, 0x0000, 0x0000, 0x10A2, 0x528A, 0xC638, 0x73D0, 0x3A2A, 0x73CF, 0xE6FC, 0xCE7A, 0x3186, 0x0000,
  0x0862, 0x0000, 0x0000, 0x1082, 0x10A2, 0x0861, 0x28C1, 0x59A3, 0x61C4, 0x6A04, 0x61A4, 0x4122, 0x30E2, 0x61A4, 0x7205, 0x61E4, 0x69E5, 0x59A4, 0x5163, 0x4943, 0x30C1, 0x5163, 0x92C6, 0x92C7,
  0x69E4, 0x61A4, 0x59A4, 0x3902, 0x1061, 0x2081, 0x4942, 0x61A4, 0x8266, 0x7A45, 0x4943, 0x5183, 0x69E4, 0x28C1, 0x0021, 0x0000, 0x0000, 0x0000, 0x0000, 0x0000, 0x0000, 0x0000, 0x0000, 0x0000,
  0x0000, 0x0000, 0x0000, 0x0000, 0x0000, 0x10A2, 0x0061, 0x1082, 0xD6BA, 0x9CF4, 0x424A, 0x4A8A, 0xE73C, 0xBDF8, 0x2945, 0x0000, 0x0862, 0x0000, 0x0000, 0x0862, 0x0861, 0x3102, 0x6A04, 0x69E4,
  0x61C4, 0x4943, 0x4122, 0x30C1, 0x4963, 0x7205, 0x69E4, 0x5183, 0x4943, 0x4102, 0x30C1, 0x1861, 0x30C2, 0x7205, 0x8265, 0x71E5, 0x69E4, 0x4943, 0x4102, 0x1840, 0x5983, 0x61C3, 0x1840, 0x5143,
  0x69E4, 0x7205, 0x4943, 0x30E2, 0x5163, 0x61C4, 0x30E2, 0x0021, 0x0000, 0x0000, 0x0000, 0x0000, 0x0000, 0x0000, 0x0000, 0x0000, 0x0000, 0x0000, 0x0000, 0x0000, 0x0000, 0x0000, 0x0041, 0x10A2,
  0xCE79, 0x94B3, 0x424A, 0x4A8A, 0xE75C, 0xBDF8, 0x2966, 0x0020, 0x10A3, 0x10A3, 0x0000, 0x1041, 0x4122, 0x61C4, 0x61C4, 0x4122, 0x4142, 0x4102, 0x28A1, 0x3902, 0x61A4, 0x69C4, 0x5983, 0x4102,
  0x28C1, 0x2081, 0x38E1, 0x4962, 0x28A1, 0x61A4, 0x61C4, 0x4943, 0x4122, 0x30C1, 0x2081, 0x7A24, 0xBB66, 0xAB26, 0x5142, 0x28A1, 0x5163, 0x4942, 0x4943, 0x2081, 0x28C1, 0x4922, 0x3902, 0x1861,
  0x0841, 0x0000, 0x0000, 0x0000, 0x0000, 0x0000, 0x0000, 0x0000, 0x0000, 0x0000, 0x0000, 0x0000, 0x0000, 0x0000, 0x0021, 0x18C3, 0xBDF7, 0x94D4, 0x5B2D, 0x4249, 0xB5B7, 0xC618, 0x2945, 0x0021,
  0x10C3, 0x10C3, 0x0000, 0x28A1, 0x38E1, 0x30E1, 0x38E1, 0x38E1, 0x38E1, 0x38E1, 0x1861, 0x4122, 0x4922, 0x40E1, 0x38C1, 0x38E1, 0x3901, 0x8264, 0xBB45, 0x61C3, 0x2081, 0x4122, 0x30C1, 0x28A1,
  0x1840, 0x28A1, 0x8A64, 0xDC49, 0xFD8D, 0xECEB, 0x8A65, 0x3081, 0x2060, 0x38E1, 0x38E2, 0x1861, 0x2081, 0x2081, 0x28A1, 0x2060, 0x0020, 0x0000, 0x0000, 0x0000, 0x0000, 0x0000, 0x0000, 0x0000,
  0x0000, 0x0000, 0x0000, 0x0000, 0x0000, 0x0000, 0x0020, 0x18E3, 0xD69A, 0xBDF8, 0x7C31, 0x4A8B, 0xAD76, 0xCE7A, 0x5AEB, 0x10C3, 0x0861, 0x0000, 0x0000, 0x0841, 0x0000, 0x1060, 0x1860, 0x28A1,
  0x30C1, 0x28C1, 0x1881, 0x28A1, 0x2081, 0x28A1, 0x4901, 0x8A63, 0x7A64, 0x69E3, 0xC408, 0xA388, 0x1020, 0x2061, 0x1860, 0x38E1, 0x8A64, 0xA2E6, 0xDC69, 0xEDD0, 0xBCAD, 0x8B27, 0xA327, 0xAAE5,
  0x30C1, 0x28A1, 0x30C1, 0x1861, 0x1881, 0x0020, 0x0021, 0x0041, 0x0862, 0x0000, 0x0000, 0x0000, 0x0000, 0x0000, 0x0000, 0x0000, 0x0000, 0x0000, 0x0000, 0x0000, 0x0000, 0x0862, 0x0021, 0x18C3,
  0xAD75, 0xC638, 0x8C72, 0x3A29, 0x7C10, 0xDEDB, 0xC639, 0x4208, 0x0000, 0x0862, 0x0862, 0x0000,
  0x0861, 0x0020, 0x1040, 0x2080, 0x28A1, 0x28C1, 0x28C1, 0x1880, 0x20A1, 0x7A03, 0xB303, 0x8A63,
  0x2081, 0x20C1, 0x4163, 0x5162, 0x38C1, 0x5141, 0x8A64, 0xB346, 0xD44A, 0xE4EC, 0xD4CC, 0x49C4,
  0x18A1, 0x1061, 0x20A1, 0x8A84, 0xB305, 0x30C1, 0x2080, 0x2881, 0x2081, 0x0841, 0x0862, 0x0000,
  0x0000, 0x0000, 0x0000, 0x0000, 0x0000, 0x0000, 0x0000, 0x0000, 0x0000, 0x0000, 0x0000, 0x0000,
  0x0000, 0x0000, 0x0000, 0x0041, 0x2104, 0xCE79, 0x94F4, 0x424A, 0x5AEC, 0xD69A, 0xBDF8, 0x39C7,
  0x0000, 0x0000, 0x0862, 0x0000, 0x0000, 0x0041, 0x0840, 0x0840, 0x1040, 0x1060, 0x30E1, 0x30E1,
  0x4142, 0xAB05, 0xAB05, 0x4942, 0xB345, 0xA305, 0x69C2, 0x2060, 0x4101, 0xCC08, 0xE4EC, 0xED6E,
  0xED6E, 0xE52D, 0x4143, 0x0000, 0x51A3, 0xB3A8, 0x92E6, 0x5162, 0xC386, 0x3902, 0x2080, 0x20A1,
  0x0840, 0x0041, 0x08A2, 0x0000, 0x0000, 0x0000, 0x0000, 0x0000, 0x0000, 0x0000, 0x0000, 0x0000,
  0x0000, 0x0000, 0x0000, 0x0000, 0x0000, 0x0000, 0x10A3, 0x0862, 0x18E4, 0xC638, 0x9D15, 0x636E,
  0x4229, 0xAD76, 0xBDF8, 0x31C7, 0x0000, 0x08A2, 0x0000, 0x0000, 0x0000, 0x0000, 0x0021, 0x20C2,
  0xCC2A, 0x8A85, 0x1860, 0x28C0, 0x5183, 0xCBE8, 0xCBE8, 0xC3A7, 0xEE34, 0x4249, 0x0000, 0x18A1,
  0xB3C9, 0xED6E, 0xF5AF, 0xED8F, 0xED8E, 0xED6E, 0xC46A, 0x20C2, 0x0000, 0x5268, 0xF5D0, 0xCBA6,
  0xCBE7, 0x3902, 0x0000, 0x8B27, 0x9BA8, 0x0861, 0x0862, 0x0000, 0x0000, 0x0000, 0x0000, 0x0000,
  0x0000, 0x0000, 0x0000, 0x0000, 0x0000, 0x0000, 0x0000, 0x0000, 0x0000, 0x1082, 0x10A3, 0x0862,
  0x2104, 0xC638, 0x9D15, 0x636E, 0x39E8, 0x94F4, 0xB5B7, 0x2965, 0x0000, 0x0000, 0x0000, 0x0000,
  0x10A2, 0x0883, 0x0861, 0xBC2A, 0xD429, 0xB2E5, 0x4921, 0x0840, 0x59C3, 0xE469, 0xF54D, 0xED2D,
  0xFF7C, 0x4269, 0x0000, 0x2903, 0xEDB0, 0xED8E, 0xED6E, 0xED8E, 0xED8F, 0xEDAF, 0xFE10, 0x3143,
  0x0000, 0x4A8A, 0xFF17, 0xECE9, 0xD448, 0x28E2, 0x20A0, 0x7A03, 0xDC89, 0x9B67, 0x0000, 0x0000,
  0x0000, 0x0000, 0x0000, 0x0000, 0x0000, 0x0000, 0x0000, 0x0000, 0x0000, 0x0000, 0x0000, 0x0000,
  0x0000, 0x0000, 0x08A2, 0x0041, 0x18E4, 0xCE7A, 0xA556, 0x6B8F, 0x2145, 0x73AF, 0xAD76, 0x73AF,
  0x2104, 0x0020, 0x0862, 0x0000, 0x10A2, 0x08A3, 0x0000, 0xE50C, 0xC3C8, 0x9A63, 0x69A2, 0x1860,
  0x4982, 0xECEB, 0xF58F, 0xF58F, 0xFF5B, 0x31E7, 0x0000, 0x2903, 0xEDB0, 0xED8F, 0xED8E, 0xED6E,
  0xED8E, 0xEDAF, 0xF5F0, 0x2923, 0x0000, 0x428B, 0xFF39, 0xED2A, 0xDC69, 0x20C2, 0x61A2, 0x9A83,
  0xDC49, 0xB3C8, 0x0000, 0x0000, 0x0000, 0x0000, 0x0000, 0x0000, 0x0000, 0x0000, 0x0000, 0x0000,
  0x0000, 0x0000, 0x0000, 0x0000, 0x0000, 0x0000, 0x0000, 0x0041, 0x10A2, 0x9491, 0xBE19, 0x7C11,
  0x2987, 0x6B8E, 0xA535, 0xA556, 0x31A7, 0x0000, 0x0000, 0x0000, 0x10A2, 0x0000, 0x0041, 0xAB88,
  0xF4CA, 0xB326, 0xAAC4, 0x6182, 0x6A24, 0xF52C, 0xF5AF, 0xF5AF, 0xFE73, 0x8BAB, 0x28E2, 0x5A46,
  0xEDAF, 0xED6E, 0xED6E, 0xED6E, 0xE54D, 0xED4D, 0xF5CF, 0x5A46, 0x2923, 0xB4F0, 0xFE11, 0xED6D,
  0xDCAA, 0x4983, 0x8244, 0xC345, 0xD408, 0x82C6, 0x0000, 0x0000, 0x0000, 0x0000, 0x0000, 0x0000,
  0x0000, 0x0000, 0x0000, 0x0000, 0x0000, 0x0000, 0x0000, 0x0000, 0x0000, 0x0000, 0x0000, 0x0000,
  0x0020, 0x1061, 0xB5D7, 0x94F4, 0x4AAB, 0x52AB, 0x9CF4, 0xC639, 0x3A08, 0x0000, 0x10A2, 0x1082,
  0x1082, 0x0000, 0x0021, 0x18A1, 0xA326, 0xE4AA, 0xCBA7, 0x9AA4, 0xB387, 0xED2C, 0xF58E, 0xED6E,
  0xF56D, 0xF58E, 0xD4CC, 0xD48B, 0xED2C, 0xED2C, 0xED2C, 0xED6D, 0xD469, 0xE4AA, 0xF56E, 0xFDF0,
  0xFDD0, 0xF5AE, 0xF58F, 0xED8E, 0xDC8A, 0x9284, 0xCB86, 0xCC28, 0x61E4, 0x0000, 0x0861, 0x0000,
  0x0000, 0x0000, 0x0000, 0x0000, 0x0000, 0x0000, 0x0000, 0x0000, 0x0000, 0x0000, 0x0000, 0x0000,
  0x0000, 0x0000, 0x0000, 0x0000, 0x0021, 0x10A2, 0xAD97, 0x8C93, 0x4AAB, 0x39E8, 0x8C92, 0xC639,
  0x4228, 0x0020, 0x10A3, 0x10A2, 0x0000, 0x0000, 0x0000, 0x0061, 0x0041, 0x7A44, 0x9AE5, 0x61A2,
  0x61E3, 0xD46A, 0xF56D, 0xED4C, 0xFDAE, 0x6A65, 0x39A6, 0x9C4E, 0xE5D1, 0xF5F2, 0xEDF2, 0xEDF2,
  0xEDF1, 0xF633, 0xFE95, 0x72E9, 0xA3C9, 0xFDCF, 0xF5AF, 0xF58E, 0xC409, 0x4942, 0x9284, 0x30E1,
  0x0000, 0x0861, 0x0000, 0x0000, 0x0000, 0x0000, 0x0000, 0x0000, 0x0000, 0x0000, 0x0000, 0x0000,
  0x0000, 0x0000, 0x0000, 0x0000, 0x0000, 0x0000, 0x0000, 0x0000, 0x0021, 0x10A3, 0xA556, 0x8CD4,
  0x52CC, 0x31C7, 0x8452, 0xBE18, 0x39C7, 0x0000, 0x10A2, 0x0000, 0x0000, 0x1082, 0x10A2, 0x10A3,
  0x0000, 0x0062, 0x0061, 0x0000, 0x28C1, 0xA305, 0xD449, 0xF54C, 0xFDCE, 0x6245, 0x5B0C, 0xF79D,
  0xEF7D, 0xFFFF, 0xFFFF, 0xFFFF, 0xFFFF, 0xF79E, 0xE73C, 0x2186, 0x82C6, 0xFDEF, 0xF58E, 0xDC8A,
  0x9AC5, 0x1061, 0x0021, 0x0041, 0x0000, 0x0000, 0x0000, 0x0000, 0x0000, 0x0000, 0x0000, 0x0000,
  0x0000, 0x0000, 0x0000, 0x0000, 0x0000, 0x0000, 0x0000, 0x0000, 0x0000, 0x0000, 0x0000, 0x0000,
  0x0041, 0x18C3, 0xA555, 0xADB7, 0x5B0D, 0x4229, 0x8432, 0xA535, 0x7BF0, 0x2124, 0x0020, 0x0000,
  0x0000, 0x0000, 0x0000, 0x10A2, 0x10A2, 0x1082, 0x0000, 0x0861, 0x0000, 0x38E1, 0x92A4, 0xDCAA,
  0xF5AE, 0xF610, 0xA44C, 0x31A6, 0xB575, 0xC67A, 0xCE7A, 0xC659, 0xCE79, 0xAD74, 0x4A27, 0xA3EB,
  0xF54D, 0xF52C, 0xD429, 0x8A64, 0x1881, 0x10A2, 0x10C3, 0x10A2, 0x1082, 0x0862, 0x0022, 0x0021,
  0x0021, 0x0042, 0x0042, 0x0042, 0x0000, 0x0000, 0x0000, 0x0000, 0x0000, 0x0000, 0x0000, 0x0000,
  0x0000, 0x0000, 0x0000, 0x0000, 0x10A2, 0x0041, 0x4208, 0xB5D7, 0x7C10, 0x4229, 0x52CC, 0x8452,
  0x9D36, 0x2986, 0x0000, 0x0000, 0x0001, 0x0861, 0x0000, 0x0000, 0x0000, 0x0000, 0x0861, 0x0020,
  0x0001, 0x0021, 0x1061, 0x7A24, 0xB346, 0xDCAA, 0xE4EB, 0xDCEC, 0xD50D, 0xBC8C, 0xBC8C, 0xB46C,
  0xB48D, 0xC4CD, 0xDCEC, 0xFD2C, 0xDC4A, 0x9AC5, 0x5943, 0x1061, 0x0884, 0x08A4, 0x0041, 0x0001,
  0x0000, 0x18A1, 0x39A3, 0x4206, 0x4206, 0x3962, 0x3941, 0x28E1, 0x0001, 0x0021, 0x0042, 0x0000,
  0x0000, 0x0000, 0x0000, 0x0000, 0x0000, 0x0000, 0x0000, 0x10A2, 0x10A3, 0x0041, 0x2945, 0xB5B7,
  0x7C11, 0x3A08, 0x52CC, 0x8452, 0xA556, 0x2966, 0x0000, 0x4A05, 0x49C3, 0x1040, 0x0841, 0x0861,
  0x0000, 0x0840, 0x0042, 0x08E9, 0x094D, 0x090B, 0x1108, 0x1062, 0x0820, 0x28C1, 0x8243, 0xDC27,
  0xECC9, 0xF50A, 0xF50B, 0xF52B, 0xF54C, 0xF56C, 0xAB06, 0x9A22, 0x4923, 0x0021, 0x0043, 0x00AA,
  0x00AB, 0x0045, 0x1081, 0x5265, 0x4A45, 0xA469, 0xFF4F, 0xFF52, 0xFF52, 0xD485, 0xE4A3, 0xC443,
  0x4981, 0x51C2, 0x18A1, 0x0001, 0x0022, 0x0000, 0x0000, 0x0000, 0x0000, 0x0000, 0x10A2, 0x0042,
  0x0021, 0x0000, 0x2944, 0xAD76, 0x7BF1, 0x4229, 0x39E8, 0x73D0, 0x7C32, 0x18E4, 0x0000, 0x9BC7,
  0xDCC6, 0x3101, 0x0000, 0x0861, 0x0000, 0x0043, 0x198E, 0x2AF7, 0x22B6, 0x114D, 0x10C4, 0x1108,
  0x092B, 0x0043, 0x1020, 0x38E1, 0x38E1, 0x3901, 0x4121, 0x3922, 0x30E1, 0x3902, 0x20A2, 0x0862,
  0x08A5, 0x0884, 0x0043, 0x2988, 0x5AE9, 0x52A6, 0x9BE7, 0xFF2C, 0xFF8F, 0xF68D, 0xDE0D, 0xC4E7,
  0xBC24, 0x7A41, 0x8A81, 0xB382, 0xF504, 0xFD23, 0x9B42, 0x6222, 0x6222, 0x0861, 0x0862, 0x0000,
  0x0000, 0x0000, 0x0862, 0x3163, 0x83A8, 0x2922, 0x0842, 0x73D0, 0x4AAC, 0x2146, 0x1904, 0x29A7,
  0x39E6, 0x41E4, 0x3981, 0x82A2, 0xBBE4, 0x4161, 0x0021, 0x0000, 0x08A5, 0x19AF, 0x2A96, 0x3318,
  0x2AF7, 0x39EA, 0x18A2, 0x1A32, 0x11F3, 0x114B, 0x0042, 0x2080, 0x6160, 0x5920, 0x48E0, 0x2080,
  0x0066, 0x094B, 0x11AF, 0x11CE, 0x0065, 0x28C0, 0xBC24, 0xF6AA, 0xFF4B, 0xFF0B, 0xEDE8, 0xAC04,
  0xBC44, 0x7AC6, 0x21CD, 0x21EE, 0x21CD, 0x090A, 0x092A, 0x1908, 0x7A63, 0x9AE2, 0xCBE2, 0xECA2,
  0xECE3, 0xAB82, 0x3101, 0x0041, 0x0000, 0x0000, 0x0000, 0xB4A8, 0xFE09, 0x6223, 0x2942, 0x49C2,
  0x5A23, 0x8369, 0xAD53, 0x83AB, 0xABC5, 0xCCC5, 0xB3C3, 0x8282, 0x69E2, 0x28C1, 0x0021, 0x0884,
  0x2254, 0x337B, 0x2B39, 0x22B7, 0x3A4F, 0x7A46, 0x4163, 0x31CA, 0x32D4, 0x443D, 0x3AF4, 0x320B,
  0x69E3, 0x7266, 0x52AC, 0x3A4D, 0x2AF8, 0x3338, 0x2A72, 0x29CA, 0x0041, 0x30A0, 0xDCA4, 0xFEEA,
  0xA385, 0x9B23, 0x5A26, 0x092A, 0x218B, 0x32F4, 0x449F, 0x445F, 0x5C9E, 0x1275, 0x0235, 0x01B2,
  0x090B, 0x1109, 0x61E4, 0x8221, 0x92C2, 0xCBE2, 0x4140, 0x0021, 0x0000, 0x0000, 0x0000, 0x7A83,
  0xAB22, 0xC486, 0xDD67, 0xD4A4, 0xB3A3, 0x8AE4, 0x9366, 0x8AE5, 0x61E1, 0x4100, 0x30A0, 0x3101,
  0x0840, 0x0020, 0x0862, 0x0042, 0x0065, 0x19AF, 0x22D8, 0x1A76, 0x2149, 0x3966, 0x4270, 0x29AB,
  0x61C3, 0x62AC, 0x4C39, 0x4C5C, 0x3A4E, 0x7BF2, 0xA5FE, 0x649B, 0x3B15, 0x6A69, 0x4963, 0x29A8,
  0x08A4, 0x30C0, 0xD465, 0xEE29, 0x2149, 0x11F3, 0x3B5A, 0x4BFD, 0x441D, 0x441E, 0x339E, 0x4B9C,
  0xEF14, 0x9BEB, 0x118E, 0x09F5, 0x19F4, 0x19D2, 0x116F, 0x00EB, 0x3164, 0xBB82, 0x4120, 0x0021,
  0x0000, 0x0000, 0x0041, 0x20A1, 0x61C1, 0x8241, 0x69C1, 0x28C0, 0x1040, 0x1020, 0x1840, 0x20C1,
  0x20C2, 0x6224, 0x6244, 0x1061, 0x0020, 0x0020, 0x0000, 0x0086, 0x112A, 0x0864, 0x08E8, 0x114C,
  0x10C6, 0x08E7, 0x1A75, 0x2319, 0x62F0, 0x7248, 0x2146, 0x3A0A, 0x52AD, 0x424D, 0x2969, 0x18C3,
  0x2904, 0x41E9, 0x2A30, 0x1A12, 0x0086, 0x30C0, 0xD466, 0xEDE9, 0x29CC, 0x339C, 0x4BDC, 0x2B1B,
  0x2B3B, 0x3B9C, 0x53D9, 0xC5B0, 0xFF8D, 0xE4A5, 0x8B06, 0x2A32, 0x11B3, 0x0971, 0x09B2, 0x0110,
  0x3124, 0xB341, 0x3900, 0x0021, 0x0000, 0x0000, 0x0000, 0x0041, 0x0840, 0x1060, 0x0820, 0x0820,
  0x59E4, 0x8328, 0x8B06, 0x4983, 0x7286, 0xFE0E, 0xED0A, 0x8265, 0x2080, 0x5141, 0x5982, 0x2905,
  0x19D0, 0x196D, 0x0886, 0x0843, 0x0021, 0x08E8, 0x2296, 0x3339, 0x3BBA, 0x339A, 0x52AB, 0xCC24,
  0x9366, 0x6A64, 0x18E6, 0x21EE, 0x2A95, 0x2AF9, 0x2AF9, 0x1A12, 0x00A7, 0x30C0, 0xD445, 0xEDA8,
  0x298B, 0x22F9, 0x2B1A, 0x9513, 0x7C75, 0x129B, 0x3339, 0xAD52, 0xFF6C, 0xC426, 0x7B28, 0x11D2,
  0x3A8F, 0x8B26, 0x39CB, 0x00CE, 0x3123, 0xAB21, 0x3100, 0x0001, 0x0000, 0x0000, 0x0000, 0x0000,
  0x0000, 0x0000, 0x0041, 0x3942, 0xFD8D, 0xF58E, 0xF56C, 0x8264, 0x9307, 0xFE2F, 0x8A85, 0x92E6,
  0x38E1, 0x9283, 0xBB65, 0x69E3, 0x198B, 0x19D1, 0x116E, 0x08E9, 0x0044, 0x08A6, 0x2253, 0x2AF7,
  0x2AF7, 0x22D7, 0x632E, 0xC3E5, 0x4184, 0x7222, 0x3250, 0x2AFA, 0x2AF9, 0x2AD9, 0x22B8, 0x1A12,
  0x0086, 0x30E0, 0xCC44, 0xE566, 0x1949, 0x1AB8, 0x32D9, 0xEE49, 0xFF2A, 0xB591, 0x233B, 0x3B9A,
  0xFF6D, 0xA3A6, 0x012C, 0x3A8D, 0xBCA6, 0xE3E0, 0x51C6, 0x00AC, 0x3124, 0xAB21, 0x3900, 0x0021,
  0x0000, 0x0000, 0x0000, 0x0000, 0x0000, 0x08A3, 0x0062, 0x3102, 0xD407, 0xAB06, 0x9AA5, 0x6182,
  0x8286, 0xD52D, 0x6A03, 0x82A6, 0x2080, 0x8A84, 0x9AC3, 0x9AA3, 0x28C1, 0x092C, 0x114C, 0x08E9,
  0x0065, 0x0885, 0x198E, 0x2211, 0x2253, 0x1234, 0x528D, 0xB3A5, 0x2A0D, 0x6267, 0x522A, 0x3231,
  0x2A75, 0x2A75, 0x21F0, 0x116C, 0x0065, 0x30E0, 0xCC43, 0xDD05, 0x1929, 0x1257, 0x4B15, 0xED02,
  0xFD83, 0xFE04, 0xE58A, 0xDDED, 0xFEA8, 0xC3A3, 0x9283, 0xDBE1, 0xD3C1, 0xBA80, 0x59C5, 0x00CC,
  0x3145, 0xB341, 0x3920, 0x0021, 0x0000, 0x0000, 0x0000, 0x0000, 0x0000, 0x0000, 0x0042, 0x18A1,
  0xAB26, 0xEDAF, 0xFE52, 0xDCAA, 0x9A83, 0x28A1, 0x3901, 0x7203, 0x28A1, 0x4941, 0x5961, 0x6181,
  0x1880, 0x08E9, 0x112A, 0x10E8, 0x0864, 0x0885, 0x118E, 0x198E, 0x19D0, 0x1234, 0x426D, 0x9325,
  0x3A6F, 0x42AE, 0x62AE, 0x524D, 0x29CE, 0x29AD, 0x218B, 0x112B, 0x0044, 0x30E0, 0xBBA3, 0xCC84,
  0x192A, 0x1256, 0x2297, 0x9369, 0x9306, 0x72E9, 0x6A49, 0x6ACA, 0xF523, 0x9AE3, 0x3126, 0x4187,
  0x8A03, 0x69A4, 0x116C, 0x010D, 0x3965, 0xBB61, 0x4141, 0x0021, 0x0000, 0x0000, 0x0000, 0x0000,
  0x0000, 0x0000, 0x0000, 0x0000, 0x3901, 0xB325, 0xA2E5, 0x9AA4, 0x9284, 0x69E3, 0x28C1, 0x9AA4,
  0x30E1, 0x38E1, 0x40E1, 0x40E0, 0x1040, 0x00A6, 0x08C6, 0x0884, 0x0821, 0x0885, 0x092C, 0x1190,
  0x11D1, 0x094E, 0x1907, 0x69E1, 0x59A1, 0x49C6, 0x094F, 0x21D0, 0x3232, 0x31AB, 0x2969, 0x1109,
  0x0064, 0x28A0, 0xAB42, 0xCC23, 0x2129, 0x1234, 0x2296, 0x2295, 0x19F1, 0x0191, 0x01B2, 0x2A2E,
  0xF4E3, 0x92C3, 0x00EA, 0x010D, 0x2169, 0x194A, 0x014E, 0x010D, 0x3965, 0xB301, 0x4120, 0x0042,
  0x0000, 0x0000, 0x0000, 0x0000, 0x0000, 0x0000, 0x0000, 0x0062, 0x1881, 0x8A64, 0xDC07, 0xF5F0,
  0xDD2D, 0x61C2, 0x28A0, 0x61A2, 0x28A1, 0x38E1, 0x38E0, 0x28A0, 0x0020, 0x0042, 0x0041, 0x0862,
  0x0862, 0x0021, 0x0863, 0x08A7, 0x00A7, 0x10A4, 0x41E5, 0x62E8, 0x5269, 0x5ACB, 0x4A6A, 0x2147,
  0x112B, 0x196C, 0x18E6, 0x10C5, 0x0042, 0x30E0, 0xBB61, 0xD442, 0x2129, 0x0A35, 0x1A75, 0x1235,
  0x52CD, 0x836A, 0x3271, 0x322F, 0xF4C2, 0x9AC3, 0x092B, 0x4A49, 0x6A87, 0x21AA, 0x094E, 0x010D,
  0x3945, 0xA2C0, 0x3900, 0x0021, 0x0000, 0x0000, 0x0000, 0x0000, 0x0000, 0x0000, 0x0000, 0x1082,
  0x0041, 0x20A1, 0x7203, 0x7224, 0x4962, 0x1860, 0x1060, 0x1040, 0x1880, 0x1860, 0x1880, 0x0820,
  0x0021, 0x0040, 0x0861, 0x0862, 0x0020, 0x1060, 0x38E1, 0x3900, 0x1840, 0x6A65, 0xC50C, 0x9C0A,
  0xA44B, 0x93EC, 0xC50E, 0x7B06, 0x1020, 0x3902, 0x3923, 0x30E2, 0x0820, 0x38E0, 0xBB40, 0xD421,
  0x3167, 0x11F2, 0x1A32, 0x09D3, 0x8349, 0xBC05, 0x19D1, 0x21EE, 0xEC81, 0x8AA3, 0x014C, 0x31E9,
  0xCB00, 0x51E8, 0x014E, 0x010B, 0x3943, 0x9AA0, 0x30E0, 0x0021, 0x0000, 0x0000, 0x0000, 0x0000,
  0x0000, 0x0000, 0x0000, 0x0000, 0x0000, 0x0062, 0x0000, 0x0000, 0x1040, 0x20A0, 0x0000, 0x0041,
  0x0000, 0x0000, 0x0862, 0x0862, 0x0000, 0x0000, 0x0862, 0x0000, 0x0020, 0x1040, 0x40E0, 0x61A1,
  0x4900, 0x8327, 0x9BC8, 0x0000, 0x28C0, 0x0000, 0x7AC5, 0x72C5, 0x2080, 0x69A1, 0x4101, 0x30C1,
  0x0840, 0x28A0, 0x92A1, 0xCC01, 0xB3A2, 0x2127, 0x09AF, 0x19F0, 0x19F0, 0x1191, 0x5AAB, 0x9B85,
  0xE440, 0x8AC3, 0x6246, 0x31A9, 0x196B, 0x216C, 0x010C, 0x49C5, 0xAAE1, 0x71E0, 0x1880, 0x0041,
  0x0000, 0x0000, 0x0000, 0x0000, 0x0000, 0x0000, 0x0000, 0x0000, 0x0000, 0x0000, 0x0840, 0x4940,
  0x7B6B, 0x7308, 0x6202, 0x18A1, 0x0000, 0x10A2, 0x0000, 0x0000, 0x0000, 0x0000, 0x0000, 0x0861,
  0x0020, 0x0842, 0x1061, 0x20A0, 0x1840, 0x51C3, 0x9325, 0x59E2, 0x59C2, 0x4981, 0x82A3, 0x59C2,
  0x0820, 0x30E0, 0x1880, 0x1060, 0x0000, 0x0840, 0x4960, 0xA321, 0xC401, 0x5205, 0x118D, 0x11B0,
  0x19D1, 0x11D1, 0x7AA7, 0xB383, 0xDBE0, 0x92A3, 0x6A04, 0x4987, 0x08ED, 0x110C, 0x00A9, 0x4983,
  0xB2E0, 0x30C0, 0x0021, 0x0000, 0x0000, 0x0000, 0x0000, 0x0000, 0x0000, 0x0000, 0x0000, 0x0000,
  0x0000, 0x0041, 0x0840, 0x92A1, 0xEDCD, 0xDD29, 0x9AA0, 0x28A0, 0x0042, 0x0000, 0x0000, 0x0000,
  0x0000, 0x0000, 0x0000, 0x0820, 0x0885, 0x096D, 0x116C, 0x2126, 0x18E5, 0x20E4, 0x5181, 0x7241,
  0x6A22, 0x6201, 0x5160, 0x20A2, 0x1108, 0x1969, 0x1128, 0x10E6, 0x18E5, 0x0062, 0x1840, 0x9281,
  0xCC21, 0xD421, 0x31A8, 0x0170, 0x11D0, 0x19D1, 0x0992, 0x2A0E, 0xAB01, 0x69C3, 0x092B, 0x110B,
  0x110A, 0x00C9, 0x3985, 0x92A1, 0x9A80, 0x28C0, 0x0041, 0x0000, 0x0000, 0x0000, 0x0000, 0x0000,
  0x0000, 0x0000, 0x0000, 0x0000, 0x0000, 0x0000, 0x0041, 0x18A0, 0x7220, 0x8A80, 0x3900, 0x0841,
  0x0000, 0x0000, 0x0000, 0x0000, 0x08A2, 0x10A2, 0x0841, 0x08C6, 0x09AF, 0x220F, 0x524C, 0x4270,
  0x2A53, 0x19AF, 0x092D, 0x018F, 0x0044, 0x00E9, 0x09B0, 0x11B0, 0x1A96, 0x5B12, 0x6A6C, 0x31AA,
  0x216A, 0x08C7, 0x0842, 0x3901, 0xA2E1, 0xCBA0, 0xBB62, 0x41C8, 0x014E, 0x1190, 0x19D0, 0x11B1,
  0x31ED, 0x194B, 0x092C, 0x10EB, 0x08A8, 0x41A5, 0x9AE2, 0x9AA0, 0x5120, 0x0041, 0x0000, 0x0000,
  0x0000, 0x0000, 0x0000, 0x0000, 0x0000, 0x0000, 0x0000, 0x0000, 0x0000, 0x0000, 0x0000, 0x0042,
  0x1060, 0x1880, 0x0841, 0x0000, 0x0000, 0x0000, 0x0000, 0x08A2, 0x0000, 0x0041, 0x08C8, 0x118E,
  0x3A6E, 0x7B2B, 0x8B6D, 0x42F7, 0x2275, 0x2A31, 0x337A, 0x2AF9, 0x0085, 0x21AC, 0x3B9C, 0x2274,
  0x2232, 0x52F2, 0x6AF0, 0x526D, 0x3189, 0x1128, 0x08A5, 0x0000, 0x4121, 0x9260, 0xCB80, 0xCB40,
  0x59E4, 0x110A, 0x012E, 0x118F, 0x198E, 0x092E, 0x010D, 0x1908, 0x7222, 0xAB21, 0x9281, 0x4920,
  0x0840, 0x0862, 0x0000, 0x0000, 0x0000, 0x0000, 0x0000, 0x0000, 0x0000, 0x0000, 0x0000, 0x0000,
  0x0000, 0x0000, 0x0000, 0x0000, 0x0862, 0x0862, 0x0000, 0x0000, 0x0000, 0x0000, 0x0000, 0x0000,
  0x0020, 0x08E9, 0x19B0, 0x19F1, 0x7AC9, 0xA3AA, 0x4B57, 0x2B3B, 0x2A73, 0x32D5, 0x3BDD, 0x19F0,
  0x0020, 0x0841, 0x32D7, 0x22F9, 0x19F0, 0x4270, 0x32D4, 0x2AB4, 0x39EA, 0x3923, 0x1906, 0x10C4,
  0x0021, 0x2080, 0x7A01, 0xBB20, 0xC380, 0xA301, 0x3987, 0x21AC, 0x092E, 0x090C, 0x2968, 0x8A81,
  0xB300, 0x8220, 0x30E0, 0x0021, 0x0862, 0x0000, 0x0000, 0x0000, 0x0000, 0x0000, 0x0000, 0x0000,
  0x0000, 0x0000, 0x0000, 0x0000, 0x0000, 0x0000, 0x0000, 0x0000, 0x0000, 0x0000, 0x0000, 0x0000,
  0x0000, 0x0000, 0x0862, 0x0861, 0x0021, 0x114D, 0x2254, 0x335A, 0x3B15, 0x5312, 0x4AF5, 0x42D3,
  0x3250, 0x2B3A, 0x2274, 0x10E7, 0x18A1, 0x1040, 0x19F0, 0x2B5D, 0x2274, 0x21F0, 0x2AB3, 0x3A2E,
  0x5A8C, 0x528F, 0x19F1, 0x090B, 0x090A, 0x08A4, 0x1081, 0x51A2, 0x9AC0, 0xBB60, 0xC3A1, 0xA323,
  0x6A65, 0x6A03, 0xA2A0, 0x8A40, 0x5960, 0x20A0, 0x0041, 0x0000, 0x0000, 0x0000, 0x0000, 0x0000,
  0x0000, 0x0000, 0x0000, 0x0000, 0x0000, 0x0000, 0x0000, 0x0000, 0x0000, 0x0000, 0x0000, 0x0000,
  0x0000, 0x0000, 0x0000, 0x0000, 0x0000, 0x0000, 0x0000, 0x0862, 0x0020, 0x0861, 0x08A7, 0x19EF,
  0x2B18, 0x2B7A, 0x3B36, 0x428E, 0x32F6, 0x2B5B, 0x1949, 0x0820, 0x3963, 0x28E1, 0x08A4, 0x32F8,
  0x337C, 0x19D2, 0x3A93, 0x5B34, 0x4B99, 0x3B58, 0x2231, 0x08A7, 0x00A6, 0x0884, 0x0041, 0x0041,
  0x28C1, 0x5980, 0x92A0, 0xA2E0, 0xD442, 0x9AA1, 0x61A0, 0x4120, 0x0820, 0x0841, 0x0862, 0x0000,
  0x0000, 0x0000, 0x0000, 0x0000, 0x0000, 0x0000, 0x0000, 0x0000, 0x0000, 0x0000, 0x0000, 0x0000,
  0x0000, 0x0000, 0x0000, 0x0000, 0x0000, 0x0000, 0x0000, 0x0000, 0x0000, 0x0000, 0x0000, 0x0020,
  0x20E2, 0x41A4, 0x3123, 0x1881, 0x1108, 0x11CF, 0x2295, 0x233A, 0x237C, 0x1211, 0x0841, 0x28E2,
  0x49A4, 0x4983, 0x1880, 0x2A0F, 0x3B9C, 0x2AF8, 0x2A97, 0x2AB6, 0x1211, 0x10E7, 0x1061, 0x18C2,
  0x18A2, 0x0840, 0x0841, 0x1082, 0x0041, 0x0841, 0x30C0, 0x4940, 0x7A20, 0x5140, 0x0840, 0x0841,
  0x0862, 0x0000, 0x0000, 0x0000, 0x0000, 0x0000, 0x0000, 0x0000, 0x0000, 0x0000, 0x0000, 0x0000,
  0x0000, 0x0000, 0x0000, 0x0000, 0x0000, 0x0000, 0x0000, 0x0000, 0x0000, 0x0000, 0x0000, 0x0000,
  0x0000, 0x0000, 0x0021, 0x0021, 0x49C5, 0x72E9, 0x6287, 0x41A5, 0x28E2, 0x0840, 0x08A5, 0x0909,
  0x11CF, 0x0908, 0x0000, 0x1081, 0x20E2, 0x28E1, 0x1880, 0x0863, 0x2254, 0x2275, 0x00CA, 0x0863,
  0x1060, 0x3123, 0x49E6, 0x6267, 0x3964, 0x18A1, 0x0000, 0x0861, 0x1082, 0x0000, 0x0041, 0x0021,
  0x0021, 0x0021, 0x0862, 0x0000, 0x0000, 0x0000, 0x0000, 0x0000, 0x0000, 0x0000, 0x0000, 0x0000,
  0x0000, 0x0000, 0x0000, 0x0000, 0x0000, 0x0000, 0x0000, 0x0000, 0x0000, 0x0000, 0x0000, 0x0000,
  0x0000, 0x0000, 0x0000, 0x0000, 0x0000, 0x0861, 0x28C1, 0x1881, 0x2923, 0x49E6, 0x5206, 0x4184,
  0x3103, 0x20E2, 0x0820, 0x0000, 0x0041, 0x0062, 0x0841, 0x0041, 0x0041, 0x0041, 0x0861, 0x0841,
  0x0065, 0x0065, 0x0841, 0x20C1, 0x3943, 0x6A87, 0x7B09, 0x5A26, 0x4184, 0x20A1, 0x0020, 0x1040,
  0x0841, 0x0000, 0x0000, 0x0000, 0x0000, 0x0000, 0x0000, 0x0000, 0x0000, 0x0000, 0x0000, 0x0000,
  0x0000, 0x0000, 0x0000, 0x0000, 0x0000, 0x0000, 0x0000, 0x0000, 0x0000, 0x0000, 0x0000, 0x0000,
  0x0000, 0x0000, 0x0000, 0x0000, 0x0000, 0x0000, 0x0000, 0x0000, 0x0000, 0x0840, 0x71C2, 0x9AA4,
  0x6A03, 0x4162, 0x20C2, 0x1081, 0x0820, 0x0840, 0x1860, 0x0840, 0x0020, 0x0862, 0x0000, 0x0000,
  0x0000, 0x0000, 0x08A2, 0x0000, 0x0841, 0x0841, 0x1082, 0x18A2, 0x3143, 0x49E5, 0x51E5, 0x3123,
  0x20A1, 0x0020, 0x4962, 0x6181, 0x0000, 0x0062, 0x0000, 0x0000, 0x0000, 0x0000, 0x0000, 0x0000,
  0x0000, 0x0000, 0x0000, 0x0000, 0x0000, 0x0000, 0x0000, 0x0000, 0x0000, 0x0000, 0x0000, 0x0000,
  0x0000, 0x0000, 0x0000, 0x0000, 0x0000, 0x0000, 0x0000, 0x0000, 0x0000, 0x0000, 0x0000, 0x0000,
  0x0000, 0x0840, 0x6181, 0x8202, 0x9263, 0x9AC4, 0x61A2, 0x5182, 0x5161, 0x3901, 0x38E0, 0x28A0,
  0x0021, 0x0000, 0x0000, 0x0000, 0x0000, 0x0000, 0x0000, 0x0000, 0x0000, 0x0000, 0x0041, 0x0820,
  0x1881, 0x28E1, 0x28E1, 0x5182, 0x6A03, 0x7A23, 0x8A83, 0x6181, 0x28A0, 0x0841, 0x0000, 0x0000,
  0x0000, 0x0000, 0x0000, 0x0000, 0x0000, 0x0000, 0x0000, 0x0000, 0x0000, 0x0000, 0x0000, 0x0000,
  0x0000, 0x0000, 0x0000, 0x0000, 0x0000, 0x0000, 0x0000, 0x0000, 0x0000, 0x0000, 0x0000, 0x0000,
  0x0000, 0x0000, 0x0000, 0x0000, 0x0000, 0x0861, 0x20A0, 0x5962, 0x69C2, 0x7A02, 0x71C2, 0x5982,
  0x5982, 0x4921, 0x4101, 0x20A0, 0x0041, 0x0000, 0x0000, 0x0000, 0x0000, 0x0862, 0x0862, 0x0862,
  0x0862, 0x0862, 0x0020, 0x4101, 0x5141, 0x7202, 0x8A63, 0xA2E4, 0xBB85, 0x9AA3, 0x71E3, 0x61A2,
  0x6181, 0x1040, 0x0062, 0x0000, 0x0000, 0x0000, 0x0000, 0x0000, 0x0000, 0x0000, 0x0000, 0x0000,
  0x0000, 0x0000, 0x0000, 0x0000, 0x0000, 0x0000, 0x0000, 0x0000, 0x0000, 0x0000, 0x0000, 0x0000,
  0x0000, 0x0000, 0x0000, 0x0000, 0x0000, 0x0000, 0x0000, 0x0000, 0x0000, 0x0000, 0x0000, 0x1060,
  0x30E1, 0x61A2, 0x5161, 0x4921, 0x38E1, 0x30C1, 0x1860, 0x0841, 0x0000, 0x0000, 0x0000, 0x0000,
  0x0000, 0x0862, 0x0862, 0x0000, 0x0000, 0x0000, 0x0021, 0x30E1, 0x5161, 0x5161, 0x5982, 0x8A63,
  0xA304, 0x8A63, 0x61A2, 0x3901, 0x28A1, 0x0840, 0x0862, 0x0000, 0x0000, 0x0000, 0x0000, 0x0000,
  0x0000, 0x0000, 0x0000, 0x0000, 0x0000, 0x0000, 0x0000, 0x0000, 0x0000, 0x0000, 0x0000, 0x0000,
  0x0000, 0x0000, 0x0000, 0x0000, 0x0000, 0x0000, 0x0000, 0x0000, 0x0000, 0x0000, 0x0000, 0x0000,
  0x0062, 0x0041, 0x0840, 0x28A1, 0x3901, 0x30E1, 0x1860, 0x2080, 0x1860, 0x28A0, 0x1860, 0x0041,
  0x0000, 0x0000, 0x0000, 0x0000, 0x0000, 0x0000, 0x0000, 0x0000, 0x0000, 0x0000, 0x0000, 0x0841,
  0x30E1, 0x4921, 0x4921, 0x5162, 0x4121, 0x38E1, 0x2081, 0x2080, 0x0820, 0x0041, 0x0000, 0x0000,
  0x0000, 0x0000, 0x0000, 0x0000, 0x0000, 0x0000, 0x0000, 0x0000, 0x0000, 0x0000, 0x0000, 0x0000,
  0x0000, 0x0000, 0x0000, 0x0000, 0x0000, 0x0000, 0x0000, 0x0000, 0x0000, 0x0000, 0x0000, 0x0000,
  0x0000, 0x0000, 0x0000, 0x0041, 0x18A1, 0x28A1, 0x4101, 0x4921, 0x4121, 0x5141, 0x5141, 0x4101,
  0x38E1, 0x38E1, 0x2080, 0x0041, 0x0000, 0x0000, 0x0000, 0x0000, 0x0000, 0x0000, 0x0000, 0x0000,
  0x0000, 0x0000, 0x0000, 0x0862, 0x0041, 0x0840, 0x1880, 0x1860, 0x2081, 0x4121, 0x5141, 0x5141,
  0x1860, 0x0062, 0x0000, 0x0000, 0x0000, 0x0000, 0x0000, 0x0000, 0x0000, 0x0000, 0x0000, 0x0000,
  0x0000, 0x0000, 0x0000, 0x0000, 0x0000, 0x0000, 0x0000, 0x0000, 0x0000, 0x0000, 0x0000, 0x0000,
  0x0000, 0x0000, 0x0000, 0x0000, 0x0000, 0x0862, 0x0841, 0x4121, 0x8AA4, 0xA2E5, 0x92C4, 0x7A23,
  0x59A2, 0x4921, 0x5982, 0x4942, 0x38E1, 0x4101, 0x28C0, 0x0021, 0x0841, 0x0862, 0x0000, 0x0000,
  0x0000, 0x0000, 0x0000, 0x0862, 0x0000, 0x0000, 0x0000, 0x0000, 0x0041, 0x0840, 0x38E1, 0x38E1,
  0x4941, 0x5182, 0x4101, 0x4101, 0x3901, 0x0861, 0x0021, 0x0862, 0x0000, 0x0000, 0x0000, 0x0000,
  0x0000, 0x0000, 0x0000, 0x0000, 0x0000, 0x0000, 0x0000, 0x0000, 0x0000, 0x0000, 0x0000, 0x0000,
  0x0000, 0x0000, 0x0000, 0x0000, 0x0000, 0x0000, 0x0000, 0x0000, 0x0841, 0x0020, 0x0840, 0x69A2,
  0x9284, 0x92A4, 0x92A4, 0x69C3, 0x61A2, 0x4121, 0x4101, 0x4101, 0x30C0, 0x28C1, 0x1880, 0x0020,
  0x0020, 0x0020, 0x0020, 0x0020, 0x0020, 0x0020, 0x0020, 0x0020, 0x0020, 0x0020, 0x0020, 0x0020,
  0x0021, 0x0840, 0x38E1, 0x4101, 0x5162, 0x61A2, 0x69E3, 0x69E2, 0x7203, 0x59A2, 0x20A1, 0x0020,
  0x0021, 0x0041, 0x0841, 0x0861, 0x0000, 0x0000, 0x0000, 0x0000, 0x0000, 0x0000, 0x0000, 0x0000,
  0x0000, 0x0000, 0x0000, 0x0000, 0x0000, 0x0000, 0x0000, 0x0000, 0x0000, 0x0000, 0x0862, 0x0020,
  0x0020, 0x0020, 0x0820, 0x30E1, 0x38E1, 0x38E1, 0x38E1, 0x38E1, 0x3901, 0x20A1, 0x0840, 0x1060,
  0x0840, 0x0020, 0x0020, 0x0020, 0x0020, 0x0020, 0x0020, 0x0020, 0x0020, 0x0020, 0x0020, 0x0020,
  0x0020, 0x0020, 0x0020, 0x0020, 0x0020, 0x1060, 0x4921, 0x4941, 0x69E3, 0x7A23, 0xA305, 0xB387,
  0x9AE5, 0x8244, 0x61A2, 0x1881, 0x0000, 0x0020, 0x0020, 0x0020, 0x0020, 0x0841, 0x0000, 0x0000,
  0x0000, 0x0000, 0x0000, 0x0000, 0x0000, 0x0000, 0x0000, 0x0000, 0x0000, 0x0000, 0x0000, 0x0000,
  0x0000, 0x0000, 0x0000, 0x0841, 0x0841, 0x0861, 0x0020, 0x0020, 0x0000, 0x0020, 0x0020, 0x0020,
  0x0020, 0x0020, 0x0020, 0x0020, 0x0020, 0x0020, 0x0020, 0x0020, 0x0020, 0x0020, 0x0020, 0x0020,
  0x0020, 0x0020, 0x0021, 0x0041, 0x0040, 0x0021, 0x0020, 0x0020, 0x0020, 0x0840, 0x1880, 0x4122,
  0x6182, 0x71E3, 0x7A23, 0x8244, 0x7A03, 0x69C2, 0x5161, 0x1860, 0x0000, 0x0020, 0x0020, 0x0020,
  0x0041, 0x0841, 0x0000, 0x0000, 0x0000, 0x0000, 0x0000, 0x0000, 0x0000, 0x0000, 0x0000, 0x0000,
  0x0000, 0x0000, 0x0000, 0x0000, 0x0000, 0x0000, 0x0000, 0x0000, 0x0000, 0x0000, 0x0862, 0x0862,
  0x0862, 0x0862, 0x0862, 0x0862, 0x0862, 0x0861, 0x0861, 0x0861, 0x0861, 0x0861, 0x0861, 0x0861,
  0x0861, 0x0041, 0x0020, 0x0020, 0x0020, 0x0020, 0x0020, 0x0020, 0x0020, 0x0020, 0x0020, 0x0020,
  0x0020, 0x0020, 0x0000, 0x1060, 0x38E1, 0x4121, 0x4121, 0x4121, 0x4121, 0x4121, 0x30C1, 0x1040,
  0x0020, 0x0021, 0x0841, 0x0862, 0x0000, 0x0000, 0x0000, 0x0000, 0x0000, 0x0000, 0x0000, 0x0000,
  0x0000, 0x0000, 0x0000, 0x0000, 0x0000, 0x0000, 0x0000, 0x0000, 0x0000, 0x0000, 0x0000, 0x0000,
  0x0000, 0x0000, 0x0000, 0x0000, 0x0000, 0x0000, 0x0000, 0x0000, 0x0000, 0x0862, 0x0841, 0x0861,
  0x0841, 0x0841, 0x0841, 0x0841, 0x0841, 0x0841, 0x0841, 0x0861, 0x0841, 0x0841, 0x0841, 0x0841,
  0x0861, 0x0861, 0x0841, 0x0841, 0x0861, 0x0861, 0x0041, 0x0041, 0x0021, 0x0021, 0x0021, 0x0021,
  0x0041, 0x0041, 0x0041, 0x0041, 0x0862, 0x0000, 0x0000, 0x0000, 0x0000, 0x0000, 0x0000, 0x0000,
  0x0000, 0x0000, 0x0000, 0x0000
};
const int FIGHTERWALK1_width = 64;
const int FIGHTERWALK1_height = 64;

// FIGHTERWALK2  64 x 64  (RGB565)
const uint16_t FIGHTERWALK2[START_W * START_H] PROGMEM = {
  0x0000, 0x0000, 0x0000, 0x0000, 0x0000, 0x0000, 0x0000, 0x0000, 0x0000, 0x0000, 0x0000, 0x0000,
  0x0000, 0x0000, 0x0000, 0x0000, 0x0000, 0x0000, 0x0000, 0x0000, 0x0000, 0x0000, 0x0000, 0x0000,
  0x0000, 0x0000, 0x0000, 0x0862, 0x0862, 0x0000, 0x0000, 0x0000, 0x0000, 0x0000, 0x0000, 0x0862,
  0x0862, 0x0000, 0x0000, 0x0000, 0x0000, 0x0000, 0x0000, 0x0000, 0x0000, 0x0000, 0x0000, 0x0000,
  0x0000, 0x0000, 0x0000, 0x0000, 0x0000, 0x0000, 0x0000, 0x0000, 0x0000, 0x0000, 0x0000, 0x0000,
  0x0000, 0x0000, 0x0000, 0x0000, 0x0000, 0x0000, 0x0000, 0x0000, 0x0000, 0x0000, 0x0000, 0x0000,
  0x0000, 0x0000, 0x0000, 0x0000, 0x0000, 0x0000, 0x0000, 0x0000, 0x0000, 0x0000, 0x0000, 0x0000,
  0x0000, 0x0000, 0x0000, 0x0000, 0x0000, 0x0000, 0x0000, 0x0020, 0x0000, 0x0000, 0x10A2, 0x10A2,
  0x10A3, 0x0020, 0x0020, 0x0020, 0x0820, 0x0020, 0x0841, 0x0000, 0x1082, 0x0000, 0x0000, 0x0041,
  0x0041, 0x0000, 0x0000, 0x0000, 0x0000, 0x0000, 0x0000, 0x0000, 0x0000, 0x0000, 0x0000, 0x0000,
  0x0000, 0x0000, 0x0000, 0x0000, 0x0000, 0x0000, 0x0000, 0x0000, 0x0000, 0x0000, 0x0000, 0x0000,
  0x0000, 0x0000, 0x0000, 0x0000, 0x0000, 0x0000, 0x0000, 0x0000, 0x0000, 0x0000, 0x0000, 0x0000,
  0x0000, 0x0000, 0x0000, 0x0000, 0x0000, 0x0000, 0x0000, 0x0000, 0x0000, 0x0000, 0x1880, 0x8265,
  0x0861, 0x10A2, 0x10A3, 0x10A3, 0x10C3, 0x0840, 0x5962, 0x59E4, 0x61E4, 0x59C3, 0x20A1, 0x0040,
  0x0841, 0x0861, 0x0000, 0x4963, 0x69E4, 0x0841, 0x0000, 0x0000, 0x0000, 0x0000, 0x0000, 0x0000,
  0x0000, 0x0000, 0x0000, 0x0000, 0x0000, 0x0000, 0x0000, 0x0000, 0x0000, 0x0000, 0x0000, 0x0000,
  0x0000, 0x0000, 0x0000, 0x0000, 0x0000, 0x0000, 0x0000, 0x0000, 0x0000, 0x0000, 0x0000, 0x0000,
  0x0000, 0x0000, 0x0000, 0x0000, 0x0000, 0x0000, 0x0000, 0x0000, 0x0000, 0x0000, 0x0000, 0x0000,
  0x0862, 0x0881, 0x2081, 0x71E2, 0x8264, 0x8AE6, 0x0861, 0x0841, 0x0041, 0x0020, 0x38C1, 0x69E3,
  0x7A23, 0x9B05, 0xA325, 0xA326, 0x8A64, 0x51A3, 0x0820, 0x0000, 0x5982, 0x9AC5, 0x0000, 0x0021,
  0x0000, 0x0000, 0x1082, 0x0000, 0x0000, 0x0000, 0x0000, 0x0000, 0x0000, 0x0000, 0x0000, 0x0000,
  0x0000, 0x0000, 0x0000, 0x0000, 0x0000, 0x0000, 0x0000, 0x0000, 0x0000, 0x0000, 0x0000, 0x0000,
  0x0000, 0x0000, 0x0000, 0x0000, 0x0000, 0x0000, 0x0000, 0x0000, 0x0000, 0x0000, 0x0000, 0x0000,
  0x0000, 0x0000, 0x0000, 0x0000, 0x0000, 0x0861, 0x20C1, 0x5982, 0x9283, 0x9284, 0x8AC6, 0x92C6,
  0x92E6, 0xA347, 0x0820, 0x2081, 0x71E3, 0x7A03, 0x7203, 0x6182, 0x71E3, 0x8264, 0x92A4, 0x2060,
  0x28C1, 0x69C2, 0x8264, 0x0000, 0x0861, 0x0000, 0x0000, 0x0021, 0x0000, 0x0000, 0x0000, 0x0000,
  0x0000, 0x0000, 0x0000, 0x0000, 0x0000, 0x0000, 0x0000, 0x0000, 0x0000, 0x0000, 0x0000, 0x0000,
  0x0000, 0x0000, 0x0000, 0x0000, 0x0000, 0x0000, 0x0000, 0x0000, 0x0000, 0x0000, 0x0000, 0x0000,
  0x0000, 0x0000, 0x0000, 0x0000, 0x0000, 0x0000, 0x0000, 0x0000, 0x1082, 0x10A2, 0x0041, 0x4162,
  0x38C0, 0x5982, 0x69E3, 0x7204, 0x7A24, 0x8265, 0xB3E8, 0x7A03, 0x7A23, 0x61C3, 0x61E3, 0x61C3,
  0x69E3, 0x7224, 0x7A23, 0x69E3, 0x5182, 0x5982, 0x7203, 0x5982, 0x0000, 0x1881, 0x4122, 0x0000,
  0x0000, 0x0000, 0x0000, 0x0000, 0x0000, 0x0000, 0x0000, 0x0000, 0x0000, 0x0000, 0x0000, 0x0000,
  0x0000, 0x0000, 0x0000, 0x0861, 0x0000, 0x0000, 0x10A2, 0x0000, 0x0000, 0x0000, 0x0000, 0x0000,
  0x0000, 0x0000, 0x0000, 0x0000, 0x0000, 0x0000, 0x0000, 0x0000, 0x0000, 0x0000, 0x0000, 0x0000,
  0x0020, 0x0820, 0x2080, 0x28A1, 0x4122, 0x2880, 0x5962, 0x5982, 0x61C3, 0x61A2, 0x6A03, 0x69C3,
  0x71E3, 0x7203, 0x6A03, 0x61A2, 0x61A2, 0x5982, 0x5982, 0x7223, 0x7223, 0x5162, 0x61E3, 0x5962,
  0x0000, 0x28A1, 0x30C1, 0x0041, 0x0000, 0x0000, 0x0000, 0x0000, 0x0000, 0x0000, 0x0000, 0x0000,
  0x0000, 0x0000, 0x0000, 0x0000, 0x0000, 0x0000, 0x10A2, 0x0000, 0x0000, 0xEF7D, 0x9CF3, 0x0861,
  0x0000, 0x0000, 0x0000, 0x0000, 0x0000, 0x0000, 0x0000, 0x0000, 0x0000, 0x0000, 0x0000, 0x0000,
  0x0000, 0x0000, 0x0861, 0x0000, 0x9AC4, 0x9B05, 0x9B05, 0x6182, 0x6182, 0x69C2, 0x5982, 0x92C5,
  0x8264, 0x8A84, 0x69E3, 0x61A2, 0x59A2, 0x5182, 0x5162, 0x5962, 0x5982, 0x69C3, 0x61A2, 0x6182,
  0x5982, 0x4901, 0x4921, 0x5162, 0x38C1, 0x2881, 0x0861, 0x0041, 0x0041, 0x0041, 0x0000, 0x0000,
  0x0000, 0x0000, 0x0000, 0x0000, 0x0000, 0x0000, 0x0000, 0x0000, 0x0000, 0x0000, 0x0000, 0x0000,
  0xFFDF, 0xD6DA, 0xE71C, 0xC638, 0x0861, 0x0000, 0x0000, 0x0000, 0x0000, 0x0000, 0x0000, 0x0000,
  0x0000, 0x0000, 0x0000, 0x0000, 0x0841, 0x0820, 0xA305, 0xAB26, 0x9AC4, 0x8AA5, 0x6182, 0x69C3,
  0x61A2, 0x7A24, 0x9B06, 0x92C5, 0x8284, 0x69A2, 0x71E3, 0x8284, 0x7223, 0x7203, 0x7203, 0x7203,
  0x7A44, 0x6182, 0x6182, 0x4921, 0x5982, 0x7203, 0x4921, 0x5141, 0x6182, 0x61A2, 0x92E5, 0xA305,
  0xB326, 0x20A1, 0x0000, 0x0861, 0x0000, 0x0000, 0x0000, 0x0000, 0x0000, 0x0000, 0x0000, 0x0000,
  0x0000, 0x0000, 0x0000, 0x0000, 0xFFFF, 0xA534, 0xC638, 0xCE59, 0xB595, 0x0000, 0x0861, 0x0862,
  0x0000, 0x0000, 0x0000, 0x0000, 0x0000, 0x0000, 0x0000, 0x0000, 0x7A22, 0x8223, 0x8264, 0x8A84,
  0x8244, 0x7203, 0x69E3, 0x69E3, 0xA367, 0x92E5, 0x7A23, 0x5961, 0x61A2, 0x8AA5, 0xB3C8, 0x7A44,
  0x7A44, 0x8AA5, 0x7203, 0x69C3, 0x69E3, 0x71E2, 0x7A23, 0x7A23, 0x69E3, 0x5162, 0x71E3, 0x5982,
  0x7A64, 0x61A2, 0x61C3, 0x5142, 0x61C2, 0x7A23, 0x69A2, 0x0020, 0x0000, 0x0000, 0x0000, 0x0000,
  0x0000, 0x0000, 0x0000, 0x0000, 0x0000, 0x0000, 0x0000, 0x0000, 0xFFFF, 0xA514, 0xBDD7, 0xC639,
  0xF7BE, 0xBDD6, 0x0020, 0x0862, 0x0862, 0x0000, 0x0000, 0x0000, 0x0000, 0x0000, 0x0000, 0x0020,
  0x0000, 0x4122, 0x5162, 0x5162, 0x5982, 0x59A2, 0x28A0, 0x71E3, 0x71E3, 0x71E3, 0x40E1, 0x69C3,
  0x7203, 0x9AE5, 0x8A85, 0x7A24, 0x7A44, 0x69E3, 0x5141, 0x5121, 0x8224, 0x8264, 0x9B26, 0x7A23,
  0x61A2, 0x5982, 0x71E2, 0x7223, 0x61A2, 0x69E3, 0x7203, 0x40E1, 0x28A1, 0x51A3, 0x0020, 0x0000,
  0x0000, 0x0000, 0x0000, 0x0000, 0x0000, 0x0000, 0x0000, 0x0000, 0x0000, 0x0000, 0x0000, 0x0000,
  0xFFDF, 0x9CF4, 0x52AA, 0x9D15, 0x9CF4, 0xCE38, 0x0020, 0x1082, 0x0862, 0x0000, 0x0000, 0x0000,
  0x0000, 0x0000, 0x0000, 0x0000, 0x10A2, 0x0841, 0x1881, 0x1020, 0x4121, 0x30C1, 0x7A03, 0x71E2,
  0x7203, 0x4122, 0x7A03, 0x9AE5, 0x8244, 0x7203, 0x69E3, 0x8285, 0x5982, 0x38C0, 0x30A0, 0x69E3,
  0x9B06, 0x92E5, 0x5982, 0x69E3, 0x5962, 0x2060, 0x69A2, 0x7A44, 0x9B26, 0x7A24, 0x61C3, 0x69E3,
  0x4942, 0x0000, 0x0841, 0x0000, 0x0000, 0x0000, 0x0000, 0x0000, 0x0000, 0x0000, 0x0000, 0x0000,
  0x0000, 0x0000, 0x08A2, 0x0000, 0xFFFF, 0xA534, 0x8451, 0x2126, 0xBDF7, 0xD678, 0xEF5C, 0x0000,
  0x10A2, 0x10A2, 0x0000, 0x0000, 0x0000, 0x0000, 0x0000, 0x0000, 0x1082, 0x0861, 0x0840, 0x28C1,
  0x61C2, 0x6A03, 0x8223, 0x7A43, 0x4921, 0x4101, 0x7203, 0x71E3, 0x71E3, 0x69E3, 0x61E3, 0x61C3,
  0x59A2, 0x1840, 0x5941, 0xBC09, 0x8AA5, 0x7A64, 0x69C3, 0x4962, 0x4121, 0x2060, 0x5962, 0x69C2,
  0x9B05, 0x8AA4, 0x4942, 0x61C3, 0x69C3, 0x69C2, 0x0000, 0x0862, 0x0862, 0x0862, 0x0000, 0x0000,
  0x0000, 0x0000, 0x0000, 0x0000, 0x0000, 0x0000, 0x08A2, 0x0862, 0x10A2, 0xD69A, 0x8430, 0x52EC,
  0x8C71, 0xB5B6, 0xDEDA, 0x0041, 0x0000, 0x10A3, 0x10A2, 0x0000, 0x0000, 0x0000, 0x0000, 0x0000,
  0x0841, 0x0820, 0x59A3, 0x61A2, 0x5162, 0x5162, 0x7223, 0x4962, 0x1040, 0x69C2, 0x69E3, 0x69E3,
  0x61E3, 0x6A24, 0x4142, 0x30C1, 0x2060, 0x38C1, 0x7203, 0x8264, 0x69C3, 0x61A2, 0x5962, 0x30E1,
  0x1840, 0x2860, 0x2060, 0x5141, 0x7A23, 0x7A23, 0x61C2, 0x2081, 0x61A2, 0x5982, 0x2081, 0x0000,
  0x0862, 0x0000, 0x0862, 0x0000, 0x0000, 0x0000, 0x0000, 0x0000, 0x0000, 0x0000, 0x0000, 0x0000,
  0x0020, 0xDEDB, 0x9472, 0x7C11, 0x4229, 0xB596, 0xCE79, 0xE73C, 0x0041, 0x10A3, 0x0000, 0x0000,
  0x0000, 0x0000, 0x0000, 0x0841, 0x0820, 0x61C3, 0x5982, 0x4921, 0x4941, 0x4962, 0x4121, 0x0800,
  0x30E1, 0x61A2, 0x5983, 0x59A2, 0x5182, 0x38E1, 0x30E1, 0x59A2, 0x0000, 0x5961, 0x69A2, 0x7203,
  0x6182, 0x5941, 0x38C0, 0x4101, 0x40A1, 0xAAA4, 0x38A0, 0x4942, 0x5961, 0x4901, 0x6182, 0x1020,
  0x4101, 0x4921, 0x4101, 0x1040, 0x0000, 0x0862, 0x0862, 0x0862, 0x0000, 0x0000, 0x0000, 0x0000,
  0x0000, 0x0000, 0x0000, 0x0000, 0x0020, 0x83EF, 0xCE39, 0x8451, 0x6B8F, 0x6B4D, 0xB5B6, 0xEF5D,
  0x0020, 0x0861, 0x0861, 0x0862, 0x0862, 0x0862, 0x0000, 0x1881, 0x4921, 0x30C0, 0x38E0, 0x38E1,
  0x4121, 0x4121, 0x38E1, 0x0820, 0x30C0, 0x30E1, 0x3901, 0x3901, 0x20A1, 0x8203, 0xBBA7, 0xB345,
  0x0000, 0x40E1, 0x4121, 0x38C0, 0x2080, 0x1860, 0xABA6, 0xD448, 0xE4AA, 0xE4CA, 0xE4C9, 0x9305,
  0x30A0, 0x2880, 0x38E1, 0x2080, 0x1860, 0x2080, 0x2880, 0x2880, 0x0000, 0x0000, 0x0000, 0x0000,
  0x0000, 0x0000, 0x0000, 0x0000, 0x0000, 0x0000, 0x0000, 0x0000, 0x0000, 0x0841, 0xD6DB, 0x94D3,
  0x9D35, 0x4A8A, 0xAD75, 0xCE99, 0xF79D, 0x0000, 0x0861, 0x0862, 0x0862, 0x0000, 0x0000, 0x0041,
  0x0840, 0x1020, 0x2080, 0x3901, 0x38E1, 0x38E1, 0x3921, 0x3901, 0x2080, 0x1880, 0x61A2, 0x9284,
  0x5162, 0x1040, 0x4183, 0xC3A6, 0x0820, 0x38E0, 0x30E1, 0x0820, 0x4921, 0xA2E5, 0xDCEA, 0xED6C,
  0xE52C, 0x18A1, 0x20C1, 0xB386, 0x0820, 0x1020, 0x30E1, 0x20A1, 0x20A0, 0x1881, 0x0000, 0x0000,
  0x0862, 0x0000, 0x0000, 0x0000, 0x0000, 0x0000, 0x0000, 0x0000, 0x0000, 0x0000, 0x0000, 0x0000,
  0x0000, 0x0841, 0xD69A, 0xB5B7, 0xAD76, 0x39E8, 0x8431, 0xB5B7, 0xF79E, 0x0020, 0x0861, 0x0000,
  0x0000, 0x0000, 0x0000, 0x0000, 0x10A2, 0x0840, 0x1860, 0x30E1, 0x38E1, 0x38E1, 0x3901, 0x28A0,
  0x1040, 0x82A5, 0x8A23, 0x40E1, 0x28A0, 0x0000, 0x0820, 0x28A1, 0x40C1, 0x48C0, 0x92A4, 0xAB66,
  0xB367, 0xDCCB, 0xDCCB, 0xC44A, 0x28C1, 0x0840, 0x0840, 0x2081, 0x8223, 0x38C1, 0x38E1, 0x1880,
  0x20A1, 0x28C1, 0x0020, 0x0000, 0x0000, 0x0000, 0x0000, 0x0000, 0x0000, 0x0000, 0x0000, 0x0862,
  0x0000, 0x0000, 0x0000, 0x0000, 0x0000, 0x08A2, 0x0020, 0x8C51, 0x8472, 0x6B8E, 0x4229, 0xAD76,
  0x9CD3, 0xFFDF, 0x0000, 0x10A2, 0x10A2, 0x1082, 0x0000, 0x0000, 0x0000, 0x0862, 0x0041, 0x0000,
  0x0000, 0x0820, 0x28A0, 0x3901, 0x28A0, 0xBB66, 0xDCAA, 0x7265, 0xA325, 0xA2E5, 0x8243, 0xDC27,
  0x0000, 0xAB46, 0xBBC8, 0xED6E, 0xED6E, 0xED8E, 0x8B07, 0x1860, 0x28A2, 0x92E6, 0xE48A, 0x4922,
  0xD3A6, 0x1840, 0x2080, 0x0020, 0x0840, 0x0020, 0x0000, 0x0000, 0x0000, 0x0000, 0x0000, 0x0000,
  0x0000, 0x0000, 0x0000, 0x0000, 0x0000, 0x0000, 0x0000, 0x0000, 0x0000, 0x10A3, 0x0862, 0x7BEF,
  0x9D14, 0x9D14, 0x4249, 0x0000, 0xA554, 0xFFFF, 0x0041, 0x10A3, 0x10A3, 0x10A2, 0x0000, 0x0000,
  0x0000, 0x0862, 0x0861, 0x0000, 0xED2C, 0xED2C, 0x0800, 0x30E0, 0x28A0, 0xC387, 0xCBE8, 0xCBE7,
  0xE489, 0xA389, 0x0820, 0x0020, 0xC3E8, 0xEDCE, 0xED8E, 0xED4D, 0xED6E, 0xED6D, 0xD4AB, 0x82A6,
  0x0000, 0x0000, 0xDD70, 0xDC29, 0xC3A7, 0x30E1, 0x1040, 0xDCA9, 0x6204, 0x0020, 0x0000, 0x0000,
  0x0000, 0x0000, 0x0000, 0x0000, 0x0000, 0x0000, 0x0000, 0x0000, 0x0000, 0x0000, 0x0000, 0x0000,
  0x0000, 0x10A2, 0x0000, 0x0861, 0x6B6E, 0x94D3, 0x638F, 0x2146, 0xCE99, 0xA534, 0xFFFF, 0x0841,
  0x0000, 0x0000, 0x0000, 0x0000, 0x0000, 0x10A3, 0x0041, 0xF54C, 0x9284, 0x8A23, 0xB345, 0x1840,
  0x2060, 0xDCAA, 0xE52D, 0xE4EC, 0xE6BA, 0x9CD2, 0x0840, 0x0861, 0xF631, 0xED6E, 0xED6E, 0xED6E,
  0xED6E, 0xED6E, 0xED4D, 0xC4CE, 0x0000, 0x0000, 0xF75B, 0xF6B5, 0xCBC7, 0x2881, 0x4942, 0xA2C4,
  0xAB25, 0xD469, 0x0861, 0x0000, 0x0000, 0x0000, 0x0000, 0x0000, 0x0000, 0x0000, 0x0000, 0x0000,
  0x0000, 0x0000, 0x0000, 0x0000, 0x0000, 0x0000, 0x0000, 0x0841, 0x4A6A, 0x9CD3, 0xB5B6, 0x428A,
  0xB596, 0xA535, 0xF77D, 0x0000, 0x0861, 0x0862, 0x0000, 0x0000, 0x10A2, 0x10A3, 0x0062, 0xFD8D,
  0xA2C5, 0x9223, 0x89E2, 0x0820, 0x1840, 0xDCAA, 0xED0C, 0xED4D, 0xE6DA, 0x94B0, 0x0841, 0x0861,
  0xFE31, 0xED6F, 0xED8E, 0xED8E, 0xED6E, 0xED6E, 0xED6E, 0xCCEE, 0x0000, 0x0000, 0xEED7, 0xED6E,
  0xCBA6, 0x1840, 0x61A3, 0xAAC4, 0xBBA7, 0xD469, 0x0861, 0x0000, 0x0000, 0x0000, 0x0000, 0x0000,
  0x0000, 0x0000, 0x0000, 0x0000, 0x0000, 0x0000, 0x0000, 0x0000, 0x0000, 0x0000, 0x0862, 0x0862,
  0x39C7, 0x9491, 0xBDB6, 0x39E9, 0x3A09, 0xCE7A, 0xB596, 0x0000, 0x0000, 0x0000, 0x0000, 0x0000,
  0x10A2, 0x10A3, 0x0062, 0x9B47, 0xECE9, 0xB305, 0xB365, 0x0000, 0x2860, 0xE4CA, 0xED2C, 0xED6D,
  0xED6D, 0xEDD0, 0x0861, 0x3123, 0xF5CF, 0xED8F, 0xED8F, 0xED8F, 0xE58F, 0xED6D, 0xED6E, 0xDD4E,
  0x20E2, 0x6266, 0xED6D, 0xED4C, 0xCB85, 0x3880, 0xA2C4, 0xC366, 0xC3C7, 0x9B26, 0x0861, 0x0000,
  0x0000, 0x0000, 0x0000, 0x0000, 0x0000, 0x0000, 0x0000, 0x0000, 0x0000, 0x0000, 0x0000, 0x0000,
  0x0000, 0x0000, 0x0000, 0x0000, 0x0861, 0x5ACB, 0xBDF7, 0xAD96, 0x31C7, 0xBE17, 0xAD96, 0xBDF8,
  0x0000, 0x10A3, 0x10A3, 0x10A2, 0x1082, 0x0000, 0x0862, 0x0000, 0x8263, 0xDC88, 0xD468, 0xC3E6,
  0x9AA3, 0xE4EB, 0xED6D, 0xED6E, 0xED8F, 0xED8F, 0xED8E, 0xE54E, 0xED8F, 0xED8F, 0xED8F, 0xED8E,
  0xE52D, 0xF58E, 0xED4D, 0xED6E, 0xE54D, 0xED6E, 0xED6E, 0xED6D, 0xDC68, 0x6142, 0xCBE7, 0xC3C7,
  0x4162, 0x0041, 0x0000, 0x0000, 0x0000, 0x0000, 0x0000, 0x0000, 0x0000, 0x0000, 0x0000, 0x0000,
  0x0000, 0x0000, 0x0000, 0x0000, 0x0000, 0x0000, 0x0000, 0x10A2, 0x08A2, 0x39C6, 0x9CD3, 0xA576,
  0x31C8, 0x0000, 0xB5B7, 0xBE18, 0x0020, 0x10A3, 0x10A3, 0x10A2, 0x0000, 0x0000, 0x0000, 0x0861,
  0x0041, 0x0820, 0x9264, 0x7A03, 0x0820, 0xB305, 0xEDAF, 0xED8F, 0xED8F, 0xF5D1, 0x0841, 0x0841,
  0x1081, 0x9BAA, 0xC4AC, 0xCCCD, 0xC48C, 0xABCA, 0x5205, 0x0840, 0x1061, 0xEDAF, 0xED8E, 0xED8E,
  0x81A2, 0x0000, 0x0000, 0x0000, 0x0861, 0x0862, 0x0000, 0x0000, 0x0000, 0x0000, 0x0000, 0x0000,
  0x0000, 0x0000, 0x0000, 0x0000, 0x0000, 0x0000, 0x0000, 0x0000, 0x0000, 0x0000, 0x0000, 0x10A2,
  0x10A3, 0x0841, 0x18E5, 0xA555, 0x8431, 0x2966, 0x2125, 0x9493, 0xBDD7, 0x0000, 0x0861, 0x0000,
  0x0000, 0x0000, 0x0000, 0x1082, 0x10A2, 0x10A2, 0x1082, 0x0000, 0x0820, 0x81C1, 0xD428, 0xED8F,
  0xED6E, 0xF5B0, 0x0000, 0xF77C, 0xFFBE, 0xEF5C, 0xE75C, 0xE73C, 0xE75C, 0xF7BD, 0xFFDD, 0x7BAB,
  0x1061, 0xED8E, 0xED8E, 0xA2E5, 0x1020, 0x1082, 0x10A2, 0x0861, 0x0000, 0x0000, 0x0000, 0x0000,
  0x0000, 0x0000, 0x0000, 0x0000, 0x0000, 0x0000, 0x0000, 0x0000, 0x0000, 0x0000, 0x0000, 0x0000,
  0x0000, 0x0000, 0x0000, 0x0000, 0x0000, 0x0861, 0x3A09, 0xB5B6, 0x94B3, 0x3A09, 0x1906, 0x9D14,
  0xAD76, 0x0000, 0x0020, 0x0861, 0x0841, 0x0861, 0x10A2, 0x10A3, 0x10A3, 0x10A3, 0x10A3, 0x10A2,
  0x0862, 0x0020, 0x9284, 0xC385, 0xE489, 0xF50C, 0xF56C, 0x0000, 0xE6FA, 0xFFDE, 0xF7BE, 0xF79E,
  0xF79E, 0x6B2B, 0x41C5, 0x59C4, 0xE4AA, 0xE50A, 0xAB06, 0x2883, 0x10A3, 0x10A3, 0x10C3, 0x10A2,
  0x0841, 0x0020, 0x0020, 0x0020, 0x0041, 0x0862, 0x0862, 0x0000, 0x0000, 0x0000, 0x0000, 0x1082,
  0x0000, 0x0000, 0x0000, 0x0000, 0x0000, 0x0000, 0x0000, 0x0000, 0x0862, 0x0861, 0x0841, 0x0000,
  0xA513, 0x7C30, 0x3A29, 0x634E, 0x8452, 0xBDF8, 0x31A6, 0x0841, 0x942A, 0x7B27, 0x0861, 0x10A3,
  0x10C3, 0x10C3, 0x0841, 0x0021, 0x00A8, 0x00C6, 0x0000, 0x8AC5, 0x7203, 0xDC49, 0xECEA, 0xE4EA,
  0xF58D, 0xA307, 0x61E4, 0x61C3, 0x7A45, 0xD449, 0xF5CD, 0xECC9, 0xAB05, 0x9307, 0x0821, 0x0021,
  0x0861, 0x0861, 0x0840, 0xCD6A, 0xFFB7, 0xFFB6, 0xF6D0, 0xCC84, 0xCC84, 0x0020, 0x1081, 0x0000,
  0x08A2, 0x0000, 0x0000, 0x0000, 0x0000, 0x0000, 0x0000, 0x0000, 0x0000, 0x0000, 0x0000, 0x0000,
  0x0000, 0x0862, 0x0841, 0x0020, 0xB595, 0xBDD7, 0x73CF, 0x4AAA, 0x8431, 0x7C10, 0xB5D6, 0x0841,
  0x7284, 0xBC04, 0x6A84, 0x0841, 0x0881, 0x0840, 0x118D, 0x11B0, 0x11B0, 0x1084, 0x10A3, 0x1149,
  0x08A5, 0x0000, 0x0820, 0xAB03, 0xE4E9, 0xD447, 0xD447, 0xD426, 0xC3A7, 0xB326, 0x71C4, 0x1081,
  0x0862, 0x0842, 0x0862, 0x08A3, 0x5A47, 0xFFB4, 0xFFB7, 0xFF4C, 0xF607, 0xF584, 0xD4C4, 0xAB00,
  0xB361, 0xD463, 0xDC62, 0x0820, 0x0821, 0x0841, 0x10A2, 0x0000, 0x0000, 0x0000, 0x0000, 0x0000,
  0x0000, 0x0000, 0x0000, 0x0000, 0x0000, 0x0000, 0x0000, 0x0000, 0x0020, 0xAD54, 0x73F1, 0x31C7,
  0x52AB, 0x738E, 0x5ACB, 0x0041, 0xD528, 0xA363, 0x4981, 0x0000, 0x0020, 0x114D, 0x0931, 0x649A,
  0x0971, 0x0841, 0x3905, 0x092E, 0x090B, 0x5224, 0x3902, 0x0000, 0x0000, 0x0000, 0x0000, 0x0000,
  0x0000, 0x0000, 0x0000, 0x0862, 0x0883, 0x0885, 0xF7DE, 0xFFB9, 0xFF72, 0xFE29, 0xFE47, 0xFE6A,
  0x0065, 0x0087, 0x0068, 0x0088, 0xB3A3, 0xC403, 0xC3C1, 0xCBE2, 0xD423, 0x0000, 0x0020, 0x0000,
  0x0000, 0x0000, 0x0000, 0x0000, 0x0000, 0x0000, 0x0000, 0x0000, 0x10A3, 0x0000, 0x0000, 0x0861,
  0x0020, 0x83F0, 0x5B0D, 0x18E4, 0x0000, 0xD54B, 0xC427, 0xC426, 0x8241, 0x38E0, 0x1060, 0x0000,
  0x2298, 0x22D7, 0x22F9, 0x21F2, 0x2B79, 0x0041, 0x8A45, 0x3B35, 0x1A55, 0x29EE, 0x0820, 0x92E5,
  0x8264, 0x9284, 0x2904, 0x10C5, 0x198F, 0x198D, 0x198B, 0x0820, 0xA343, 0xF7B9, 0xED25, 0xF4E2,
  0xF583, 0x49E5, 0x19CF, 0x198E, 0x545D, 0x5C5C, 0x6C9A, 0x11F3, 0x11B2, 0x116F, 0x30E3, 0xAB61,
  0xAB62, 0xA301, 0x0000, 0x0000, 0x0000, 0x0000, 0x0000, 0x0000, 0x0000, 0x0000, 0x0000, 0x08A2,
  0x10A3, 0x3942, 0xFF30, 0xFF2E, 0x0840, 0x0000, 0x3942, 0xEDEA, 0xFF96, 0x8242, 0x8B44, 0x9365,
  0x1061, 0x1062, 0x0000, 0x0862, 0x0000, 0x0885, 0x1A77, 0x1A52, 0x1A95, 0x0000, 0x5165, 0xCBC4,
  0x3A0B, 0x3338, 0x43DA, 0x1060, 0x0821, 0x0842, 0x751D, 0x6CDB, 0x4B57, 0x3A2E, 0x1968, 0x0000,
  0xABA5, 0xFFB4, 0x3103, 0x0086, 0x00C7, 0x43FC, 0x545D, 0x5C7D, 0x5C7E, 0x5C5E, 0x53D9, 0x1A33,
  0x19F3, 0x19D2, 0x08A9, 0x08E8, 0x0885, 0xAB01, 0x0020, 0x0000, 0x0000, 0x0000, 0x0000, 0x0000,
  0x0862, 0x0000, 0x0000, 0x0000, 0x08A2, 0x1880, 0xABC6, 0xE588, 0xC487, 0xE567, 0x8AC2, 0x7262,
  0x7222, 0x3901, 0x1060, 0x30E1, 0x6204, 0x3922, 0x0841, 0x0020, 0x0021, 0x1129, 0x0001, 0x11D2,
  0x0000, 0x19CD, 0x3B38, 0x10C6, 0x79E1, 0x9B85, 0x41E8, 0x5208, 0x4BFA, 0x4BBA, 0x5375, 0x736C,
  0xAB63, 0x1840, 0x1082, 0x1060, 0xA342, 0xFFB1, 0x2061, 0x3C1C, 0x339C, 0x339B, 0x4C1D, 0x543D,
  0x4BDC, 0x2A59, 0xFFEC, 0x8AA5, 0x1A13, 0x1A12, 0x11D1, 0x090B, 0x10A7, 0xAB21, 0x0020, 0x0000,
  0x0000, 0x0000, 0x0000, 0x0000, 0x0000, 0x0000, 0x0000, 0x0000, 0x0000, 0x0820, 0x5161, 0x8282,
  0x7A22, 0x9323, 0x61E1, 0x0840, 0x1040, 0x30C1, 0x1840, 0xDCAA, 0xF56D, 0x92C5, 0x0841, 0x9285,
  0x2944, 0x198D, 0x08C8, 0x0000, 0x0000, 0x11F2, 0x32F8, 0x3B38, 0x08CA, 0x10E7, 0x39A5, 0xD403,
  0x62A9, 0x5184, 0x8264, 0x7AA4, 0x18C4, 0x19AB, 0x1148, 0x1880, 0xB363, 0xFFB2, 0x1842, 0x33BB,
  0x337C, 0x337C, 0x3B7C, 0x3B7B, 0xD71C, 0xF737, 0xFFAB, 0xDBA1, 0x19AE, 0x1A12, 0x1190, 0x08CB,
  0x10A7, 0xA321, 0x0020, 0x0000, 0x0000, 0x0000, 0x0000, 0x0000, 0x0000, 0x0000, 0x0000, 0x0000,
  0x0000, 0x0000, 0x0841, 0x0820, 0x0000, 0x0841, 0x0000, 0xCBC6, 0xEC8A, 0xF52B, 0xC3E7, 0xAB89,
  0xED6D, 0xA346, 0x1860, 0x92A4, 0xA305, 0x1082, 0x196B, 0x090B, 0x0021, 0x1235, 0x3339, 0x3B39,
  0x3319, 0x5247, 0x9366, 0x10E7, 0xC3A4, 0x092F, 0x2B37, 0x2AF7, 0x2254, 0x096E, 0x110A, 0x1060,
  0xAB64, 0xFF8E, 0x1863, 0x3C1E, 0x3BBC, 0x942F, 0x8390, 0x1A56, 0x3AF9, 0x2A9B, 0xFEE8, 0x524A,
  0x11F0, 0x2149, 0x61E5, 0x1109, 0x0885, 0x92C1, 0x0000, 0x0000, 0x0000, 0x0000, 0x0000, 0x0000,
  0x0000, 0x0000, 0x0000, 0x0000, 0x0000, 0x0000, 0x0000, 0x0000, 0x0000, 0x0862, 0x0000, 0xCBC6,
  0x9A85, 0x3080, 0x5162, 0x4901, 0x48E0, 0xA346, 0x28A0, 0x61C2, 0x8243, 0x4142, 0x08C6, 0x08EA,
  0x0000, 0x1A34, 0x1236, 0x1A56, 0x2AB7, 0x49C5, 0x72E6, 0x012E, 0xA323, 0x1214, 0x2AB6, 0x2AF7,
  0x2234, 0x114D, 0x10E8, 0x1060, 0xA363, 0xFF6B, 0x1863, 0x337C, 0x22BB, 0xE506, 0xFFB3, 0xE64D,
  0x63F2, 0x9515, 0xFE45, 0x6227, 0x72A8, 0xD340, 0xD361, 0x1109, 0x08A5, 0x92A1, 0x0000, 0x0000,
  0x0000, 0x0000, 0x0000, 0x0000, 0x0000, 0x0000, 0x0000, 0x0000, 0x0000, 0x0000, 0x0000, 0x0000,
  0x0000, 0x0000, 0x0861, 0xC408, 0xE4EC, 0xF52C, 0xE4AB, 0xED2C, 0x5961, 0x28A1, 0x8AA3, 0x30C1,
  0x4121, 0x3101, 0x08A5, 0x08C8, 0x0000, 0x094D, 0x1235, 0x2234, 0x112D, 0x4185, 0x5269, 0x3375,
  0xE441, 0x11B2, 0x2232, 0x1A13, 0x1A34, 0x08EA, 0x08C7, 0x20A0, 0xBBE4, 0xFEC8, 0x1064, 0x2AFA,
  0x2A57, 0xCC84, 0xCC42, 0xB425, 0xBCA5, 0x834A, 0xF581, 0x6A44, 0x41A8, 0x9AC2, 0x6A04, 0x110B,
  0x0886, 0x9AC1, 0x0000, 0x0000, 0x0000, 0x0000, 0x0000, 0x0000, 0x0000, 0x0000, 0x0000, 0x0000,
  0x0000, 0x0000, 0x0000, 0x0000, 0x0000, 0x0000, 0x0000, 0x0020, 0xBB67, 0xCC08, 0x79C2, 0x8204,
  0xBBC6, 0x2060, 0x5181, 0x28C1, 0x30A0, 0x1040, 0x08C5, 0x0021, 0x0000, 0x094D, 0x09B1, 0x1A13,
  0x2254, 0x3124, 0x2945, 0x11EF, 0xB2C1, 0x11B1, 0x19F2, 0x1A33, 0x08C9, 0x094C, 0x08E9, 0x1880,
  0xA363, 0xFE67, 0x0844, 0x2298, 0x2278, 0x2A95, 0x8B87, 0x3252, 0x2A32, 0x09B4, 0xECE2, 0x216A,
  0x094D, 0x116C, 0x194B, 0x090C, 0x0887, 0x9AC1, 0x0000, 0x0000, 0x0000, 0x0000, 0x0000, 0x0000,
  0x0000, 0x0000, 0x0000, 0x0000, 0x0000, 0x0000, 0x0000, 0x0000, 0x0000, 0x0000, 0x0000, 0x0000,
  0x1061, 0x40C1, 0xB325, 0xA2E4, 0x7A84, 0x0000, 0x0840, 0x1060, 0x1881, 0x0020, 0x0020, 0x1082,
  0x0020, 0x0021, 0x116F, 0x19EF, 0x1108, 0x0862, 0x0862, 0x0862, 0x10C4, 0x08A4, 0x1109, 0x114F,
  0x092E, 0x08EA, 0x1109, 0x1040, 0x9B02, 0xF563, 0x0865, 0x1A56, 0x2256, 0x2276, 0x2A30, 0x21F2,
  0x2A75, 0x09F8, 0xE4C3, 0x216B, 0x096D, 0x9305, 0x092B, 0x090C, 0x00A9, 0x9AA0, 0x0000, 0x0862,
  0x0000, 0x0000, 0x0000, 0x0000, 0x0000, 0x0000, 0x0000, 0x0000, 0x0000, 0x0000, 0x0000, 0x0000,
  0x0000, 0x0000, 0x0000, 0x0000, 0x0000, 0x0840, 0x0820, 0x0000, 0x3902, 0x3901, 0x0840, 0x0020,
  0x0881, 0x0000, 0x1062, 0x1082, 0x0000, 0x4163, 0x0020, 0x0020, 0x0000, 0xF734, 0xFF78, 0xFF98,
  0xFF98, 0x0861, 0x0863, 0x10A3, 0x0863, 0x0862, 0x0000, 0x1040, 0x92C2, 0xF503, 0x0886, 0x1A13,
  0x1A35, 0x2255, 0xC5AD, 0xBCAD, 0x21F4, 0x0957, 0xECC1, 0x3147, 0x118B, 0xC365, 0x1909, 0x08EC,
  0x08C8, 0xA2C1, 0x0020, 0x0000, 0x0000, 0x0000, 0x0000, 0x0000, 0x0000, 0x0000, 0x0000, 0x0000,
  0x0000, 0x0000, 0x0000, 0x0000, 0x0000, 0x0000, 0x0000, 0x0000, 0x0000, 0x0000, 0x0000, 0x0000,
  0x3901, 0x9347, 0x9AA2, 0x1040, 0x1081, 0x0000, 0x0000, 0x0862, 0x0000, 0x4101, 0x4101, 0x38C1,
  0x1081, 0xEE0C, 0x28E2, 0x7AA4, 0x3144, 0xFF73, 0x1881, 0x18A2, 0x5941, 0x38E1, 0x30E1, 0x2080,
  0x8A81, 0xCC22, 0xB3A4, 0x3925, 0x1A33, 0x2234, 0x2254, 0x3270, 0xA3E8, 0xDC83, 0xEC20, 0x8A43,
  0x92C2, 0x110A, 0x1109, 0x08EA, 0x08C8, 0x9A80, 0x0041, 0x0000, 0x0862, 0x0000, 0x0000, 0x0000,
  0x0000, 0x0000, 0x0000, 0x0000, 0x0000, 0x0000, 0x0000, 0x0000, 0x0000, 0x0000, 0x0000, 0x0000,
  0x0000, 0x0000, 0x0000, 0x0000, 0x69A1, 0x9B04, 0x5940, 0x0820, 0x0861, 0x0000, 0x0861, 0x0841,
  0x08A4, 0x0020, 0x38E1, 0x2061, 0x0841, 0x82C3, 0x2923, 0x2903, 0x2123, 0xC488, 0x1861, 0x0841,
  0x40C0, 0x4121, 0x2080, 0x1860, 0x4921, 0xA301, 0xE4C3, 0x3944, 0x19F1, 0x11F3, 0x1A13, 0x3A6D,
  0x3968, 0x3A2A, 0xE3A0, 0x9AA2, 0x114A, 0x112A, 0x08E9, 0x9324, 0x9282, 0x5120, 0x0021, 0x0000,
  0x0000, 0x0000, 0x0000, 0x0000, 0x0000, 0x0000, 0x0000, 0x0000, 0x0000, 0x0000, 0x0000, 0x0000,
  0x0000, 0x0000, 0x0000, 0x0000, 0x0000, 0x0000, 0x0000, 0x0020, 0x0000, 0x69C1, 0x20A0, 0x0861,
  0x0000, 0x0862, 0x0022, 0x11CF, 0x094F, 0x118E, 0x114B, 0x10A9, 0x2146, 0x18A1, 0xDC83, 0xCC03,
  0xBB82, 0x2081, 0x0020, 0x0021, 0x0842, 0x0862, 0x0862, 0x1081, 0x2081, 0x5961, 0xECE2, 0xE4C4,
  0x29E9, 0x11D1, 0x11D0, 0x19AF, 0x21AE, 0x21EF, 0xCBA2, 0x39E9, 0x116C, 0x112B, 0x10E9, 0x8241,
  0x8201, 0x0000, 0x0000, 0x0000, 0x0000, 0x0000, 0x0000, 0x0000, 0x0000, 0x0000, 0x0000, 0x0000,
  0x0000, 0x0000, 0x0000, 0x0000, 0x0000, 0x0000, 0x0000, 0x0000, 0x0000, 0x0000, 0x0000, 0x0000,
  0x0000, 0x0041, 0x0000, 0x0861, 0x0063, 0x08EB, 0x094D, 0x2B5A, 0x22D8, 0x2AF7, 0x218B, 0x3AF4,
  0x5B0E, 0x3922, 0x0062, 0x0021, 0x0002, 0x1082, 0x2966, 0x114D, 0x110B, 0x29EF, 0x112B, 0x198A,
  0x1082, 0x28A1, 0x79E0, 0xDC40, 0xE4E2, 0x19AB, 0x11AF, 0x198F, 0x19AF, 0x19AF, 0x116D, 0x092C,
  0x094C, 0x114B, 0x82A3, 0x8A40, 0x8A00, 0x0000, 0x0862, 0x0000, 0x0000, 0x0000, 0x0000, 0x0000,
  0x0000, 0x0000, 0x0000, 0x0000, 0x0000, 0x0000, 0x0000, 0x0000, 0x0000, 0x0000, 0x0000, 0x0000,
  0x0000, 0x0000, 0x0000, 0x0000, 0x0000, 0x1082, 0x0841, 0x1A0F, 0x4B97, 0x63F8, 0x296C, 0x2A75,
  0x1A97, 0x218E, 0x29C8, 0x9AC1, 0xE4E2, 0x2275, 0x2235, 0x1A33, 0x1A12, 0x19CC, 0xDBC0, 0x2A2F,
  0x2232, 0x2A93, 0x118F, 0x116D, 0x112A, 0x0883, 0x0041, 0xAAC0, 0xD3C0, 0xCBA1, 0x20E4, 0x090C,
  0x094C, 0x118F, 0x21CD, 0x08EB, 0x090A, 0x7A84, 0xAAE1, 0x3101, 0x0861, 0x0862, 0x0000, 0x0000,
  0x0000, 0x0000, 0x0000, 0x0000, 0x0000, 0x0000, 0x0000, 0x0000, 0x0000, 0x0000, 0x0000, 0x0000,
  0x0000, 0x0000, 0x0000, 0x0000, 0x0000, 0x0000, 0x0000, 0x0000, 0x0000, 0x0000, 0x0000, 0x08E8,
  0x11D2, 0x3B99, 0x3AB8, 0x42F6, 0x1A55, 0x19AF, 0x49E4, 0xF605, 0x5205, 0x2257, 0x2B19, 0x32F9,
  0x2296, 0x198D, 0xB2A0, 0xBBE4, 0x2293, 0x2A93, 0x2273, 0x114D, 0x092C, 0x10E7, 0x0001, 0x20A3,
  0xAA80, 0xBB00, 0xD3A0, 0x6A01, 0x00C7, 0x010D, 0x19AE, 0x00C9, 0x0885, 0xBB80, 0x79E0, 0x0021,
  0x0041, 0x0000, 0x0000, 0x0000, 0x0000, 0x0000, 0x0000, 0x0000, 0x0000, 0x0000, 0x0000, 0x0000,
  0x0000, 0x0000, 0x0000, 0x0000, 0x0000, 0x0000, 0x0000, 0x0000, 0x0000, 0x0000, 0x0000, 0x0000,
  0x0041, 0x0000, 0x49E4, 0x3143, 0x2944, 0x0861, 0x0001, 0x22B5, 0x2B1A, 0x7224, 0xB301, 0x218F,
  0x1A55, 0x2298, 0x22D8, 0x2AB8, 0x2256, 0x11D2, 0x71C3, 0xEC61, 0x116E, 0x116E, 0x19F0, 0x21CF,
  0x4AF3, 0x2AB2, 0x00AA, 0x0884, 0x0000, 0x59A1, 0x92A1, 0x9AE1, 0xB341, 0xBB62, 0x6244, 0x79E1,
  0x71C0, 0x5161, 0x0000, 0x0000, 0x0000, 0x0000, 0x0000, 0x0000, 0x0000, 0x0000, 0x0000, 0x0000,
  0x0000, 0x0000, 0x0000, 0x0000, 0x0000, 0x0000, 0x0000, 0x0000, 0x0000, 0x0000, 0x0000, 0x0000,
  0x0000, 0x0000, 0x0000, 0x0020, 0x0020, 0x5A47, 0x6AC8, 0x5226, 0x41C5, 0x41C5, 0x0841, 0x114A,
  0x0867, 0xDC43, 0x42B2, 0x22B5, 0x11CF, 0x1213, 0x22B6, 0x22B7, 0x2254, 0x1A13, 0x194B, 0x7A43,
  0x4964, 0x6AA7, 0x6311, 0x2211, 0x2A32, 0x0069, 0x0044, 0x0000, 0x0020, 0x0000, 0x3921, 0x69C0,
  0xAB21, 0xBB82, 0xDCA2, 0xA2C0, 0x5960, 0x0000, 0x0000, 0x0000, 0x0000, 0x0000, 0x0000, 0x0000,
  0x0000, 0x0000, 0x0000, 0x0000, 0x0000, 0x0000, 0x0000, 0x0000, 0x0000, 0x0000, 0x0000, 0x0000,
  0x0000, 0x0000, 0x0000, 0x0000, 0x0000, 0x0000, 0x0041, 0x0820, 0x5A25, 0x5A27, 0x6AC8, 0x7309,
  0x49E5, 0x49A5, 0x18C3, 0x10A2, 0x0000, 0x6246, 0x32B4, 0x2AB5, 0x1A34, 0x11B2, 0x092D, 0x11B0,
  0x19AF, 0x2294, 0x2AD5, 0x2906, 0xECA5, 0x10EA, 0x1931, 0x090B, 0x0023, 0x2123, 0x2923, 0x20C2,
  0x20C2, 0x0000, 0x0000, 0x0000, 0x4120, 0x7200, 0xAB00, 0x71C0, 0x0861, 0x08A2, 0x0000, 0x0000,
  0x0000, 0x0000, 0x0000, 0x0000, 0x0000, 0x0000, 0x0000, 0x0000, 0x0000, 0x0000, 0x0000, 0x0000,
  0x0000, 0x0000, 0x0000, 0x0000, 0x0000, 0x0000, 0x0000, 0x0000, 0x0000, 0x0861, 0x0841, 0x5A06,
  0x7B09, 0x72C9, 0x41A5, 0x49C5, 0x49E6, 0x41C5, 0x3123, 0x18C2, 0x18A2, 0x0000, 0x1928, 0x112C,
  0x19AF, 0x1214, 0x1A55, 0x1A14, 0x1A13, 0x11D2, 0x094C, 0x10C4, 0x4A06, 0x1082, 0x0020, 0x18A2,
  0x20C2, 0x3984, 0x3984, 0x41C5, 0x41C5, 0x3123, 0x3123, 0x0020, 0x0861, 0x0861, 0x0841, 0x0862,
  0x0000, 0x0000, 0x0000, 0x0000, 0x0000, 0x0000, 0x0000, 0x0000, 0x0000, 0x0000, 0x0000, 0x0000,
  0x0000, 0x0000, 0x0000, 0x0000, 0x0000, 0x0000, 0x0000, 0x0000, 0x0000, 0x0000, 0x0000, 0x0000,
  0x0000, 0x0841, 0x0841, 0x41A4, 0x6AA7, 0x49E5, 0x41C5, 0x41C5, 0x3143, 0x2923, 0x3143, 0x1881,
  0x20C1, 0x18A1, 0x0020, 0x0820, 0x0000, 0x090B, 0x114C, 0x092B, 0x092A, 0x092B, 0x0021, 0x0000,
  0x0020, 0x18A1, 0x20E2, 0x3143, 0x3964, 0x49E5, 0x6288, 0x6AA8, 0x5226, 0x41C5, 0x3963, 0x20E2,
  0x0861, 0x0862, 0x0862, 0x0000, 0x0000, 0x0000, 0x0000, 0x0000, 0x0000, 0x0000, 0x0000, 0x0000,
  0x0000, 0x0000, 0x0000, 0x0000, 0x0000, 0x0000, 0x0000, 0x0000, 0x0000, 0x0000, 0x0000, 0x0000,
  0x0000, 0x0000, 0x0000, 0x0000, 0x0862, 0x0000, 0x0000, 0x2902, 0x4184, 0x5206, 0x3143, 0x4A26,
  0x20E2, 0x20C2, 0x20C1, 0x0020, 0x0020, 0x0021, 0x0000, 0x0000, 0x0000, 0x0000, 0x0000, 0x0000,
  0x0862, 0x0000, 0x0000, 0x0000, 0x08A2, 0x0020, 0x0020, 0x2923, 0x2903, 0x4A05, 0x3984, 0x72E9,
  0x836B, 0x6AA8, 0x49C5, 0x3143, 0x0861, 0x0861, 0x0000, 0x0000, 0x0000, 0x0000, 0x0000, 0x0000,
  0x0862, 0x0000, 0x0000, 0x0000, 0x0000, 0x0000, 0x0000, 0x0000, 0x0000, 0x0000, 0x0000, 0x0000,
  0x0000, 0x0000, 0x0000, 0x0000, 0x0000, 0x0000, 0x0000, 0x0000, 0x0021, 0x9AA3, 0xAAE4, 0x2902,
  0x1881, 0x1881, 0x20E2, 0x20E2, 0x20E2, 0x28C2, 0x0020, 0x0861, 0x1082, 0x0000, 0x0000, 0x0000,
  0x0000, 0x0000, 0x0000, 0x0000, 0x0000, 0x0000, 0x0000, 0x0000, 0x0000, 0x0000, 0x10A2, 0x18A1,
  0x18A1, 0x4184, 0x41C5, 0x3964, 0x3964, 0x3964, 0x41A4, 0x1061, 0x8243, 0x71C2, 0x0020, 0x0000,
  0x0000, 0x0000, 0x0000, 0x0000, 0x0000, 0x0000, 0x0000, 0x0000, 0x0000, 0x0000, 0x0000, 0x0000,
  0x0000, 0x0000, 0x0000, 0x0000, 0x0000, 0x0000, 0x0000, 0x0000, 0x0000, 0x0000, 0x0000, 0x0000,
  0x0020, 0x6161, 0x6182, 0xBB85, 0xB3A6, 0x0820, 0x0820, 0x0820, 0x1860, 0x2081, 0x38E1, 0x0820,
  0x0000, 0x0000, 0x0000, 0x0000, 0x0000, 0x0000, 0x0000, 0x0000, 0x0000, 0x0000, 0x0000, 0x0000,
  0x0000, 0x0000, 0x0000, 0x0861, 0x1860, 0x1860, 0x1861, 0x28A1, 0x20A1, 0xAB46, 0xA325, 0x92A4,
  0x61C2, 0x59A2, 0x6181, 0x0000, 0x0000, 0x0000, 0x0000, 0x0000, 0x0000, 0x0000, 0x0000, 0x0000,
  0x0000, 0x0000, 0x0000, 0x0000, 0x0000, 0x0000, 0x0000, 0x0000, 0x0000, 0x0000, 0x0000, 0x0000,
  0x0000, 0x0000, 0x0000, 0x0000, 0x0020, 0x61A2, 0x5981, 0x7A23, 0x92A3, 0x9AC3, 0x9AC3, 0x9262,
  0x69E2, 0x4101, 0x4101, 0x0820, 0x0862, 0x0000, 0x0000, 0x0000, 0x0000, 0x0000, 0x0000, 0x0000,
  0x0000, 0x0000, 0x0000, 0x0000, 0x0000, 0x0000, 0x0000, 0x0041, 0x4121, 0x69C2, 0x5162, 0x9AE4,
  0x9AC4, 0x92A4, 0x8AA4, 0x59A2, 0x5182, 0x5982, 0x4122, 0x0000, 0x0000, 0x0000, 0x0000, 0x0000,
  0x0000, 0x0000, 0x0000, 0x0000, 0x0000, 0x0000, 0x0000, 0x0000, 0x0000, 0x0000, 0x0000, 0x0000,
  0x0000, 0x0000, 0x0000, 0x0000, 0x0000, 0x0000, 0x0000, 0x0000, 0x0000, 0x0000, 0x0000, 0x61A1,
  0x69E2, 0x69E2, 0x5141, 0x5141, 0x4961, 0x38E0, 0x1040, 0x0000, 0x0000, 0x0000, 0x0000, 0x0000,
  0x0000, 0x0000, 0x0000, 0x0000, 0x0000, 0x0000, 0x0000, 0x0000, 0x0000, 0x0000, 0x0000, 0x0041,
  0x1881, 0x30C1, 0x4921, 0x40E0, 0x69E2, 0x7A43, 0x69E3, 0x38C0, 0x0820, 0x1860, 0x0000, 0x10A2,
  0x0000, 0x0000, 0x0000, 0x0000, 0x0000, 0x0000, 0x0000, 0x0000, 0x0000, 0x0000, 0x0000, 0x0000,
  0x0000, 0x0000, 0x0000, 0x0000, 0x0000, 0x0000, 0x0000, 0x0000, 0x0000, 0x0000, 0x0000, 0x0000,
  0x0000, 0x0861, 0x0841, 0x0800, 0x0800, 0x59A2, 0x5162, 0x4941, 0x4962, 0x0000, 0x0000, 0x0000,
  0x0000, 0x0000, 0x0000, 0x0000, 0x0000, 0x0000, 0x0000, 0x0000, 0x0000, 0x0000, 0x0000, 0x0000,
  0x0000, 0x0000, 0x0000, 0x0000, 0x0021, 0x20C1, 0x4121, 0x4101, 0x4961, 0x3901, 0x1040, 0x0820,
  0x38C0, 0x5981, 0x2080, 0x0000, 0x0000, 0x0000, 0x0000, 0x0000, 0x0000, 0x0000, 0x0000, 0x0000,
  0x0000, 0x0000, 0x0000, 0x0000, 0x0000, 0x0000, 0x0000, 0x0000, 0x0000, 0x0000, 0x0000, 0x0000,
  0x0000, 0x0000, 0x0000, 0x0000, 0x0862, 0x0861, 0x0020, 0x5141, 0x5182, 0x3901, 0x30E1, 0x38E1,
  0x30E1, 0x38E1, 0x0820, 0x0000, 0x0000, 0x0000, 0x0000, 0x0000, 0x0000, 0x0000, 0x0000, 0x0000,
  0x0000, 0x0000, 0x0000, 0x0000, 0x0000, 0x0000, 0x0000, 0x0000, 0x0000, 0x0000, 0x0000, 0x0000,
  0x30E1, 0x3901, 0x30C0, 0x5141, 0x61C2, 0x5162, 0x28A0, 0x1082, 0x0000, 0x0000, 0x0000, 0x0000,
  0x0000, 0x0000, 0x0000, 0x0000, 0x0000, 0x0000, 0x0000, 0x0000, 0x0000, 0x0000, 0x0000, 0x0000,
  0x0000, 0x0000, 0x0000, 0x0000, 0x0000, 0x0000, 0x0000, 0x1061, 0x0820, 0x0840, 0x1060, 0x3901,
  0x38E1, 0x5182, 0x38E1, 0x30C1, 0x30E1, 0x30E1, 0x0000, 0x0861, 0x0000, 0x0000, 0x0000, 0x0000,
  0x0000, 0x0000, 0x0000, 0x0000, 0x0000, 0x0000, 0x0000, 0x0000, 0x0000, 0x0000, 0x0000, 0x0862,
  0x0861, 0x0862, 0x0861, 0x0000, 0x30C0, 0x38C0, 0x4101, 0x38C1, 0x30C1, 0x28A1, 0x30E1, 0x0820,
  0x0041, 0x0000, 0x0000, 0x0000, 0x0000, 0x0000, 0x0000, 0x0000, 0x0000, 0x0000, 0x0000, 0x0000,
  0x0000, 0x0000, 0x0000, 0x0000, 0x0000, 0x0000, 0x0000, 0x0000, 0x0000, 0x0000, 0x3122, 0x8264,
  0x92C5, 0x9B05, 0x9AE5, 0x92E5, 0x69E2, 0x5982, 0x3901, 0x3901, 0x3901, 0x38E1, 0x3901, 0x0020,
  0x0020, 0x0020, 0x0020, 0x0020, 0x0020, 0x0020, 0x0020, 0x0020, 0x0020, 0x0020, 0x0020, 0x0020,
  0x0020, 0x0020, 0x0020, 0x0040, 0x0040, 0x0020, 0x0040, 0x0020, 0x4921, 0x4121, 0x69A2, 0x61A2,
  0x8A64, 0x8244, 0x7A23, 0x7A23, 0x5162, 0x0000, 0x0020, 0x0041, 0x0000, 0x0000, 0x0000, 0x0000,
  0x0000, 0x0000, 0x0000, 0x0000, 0x0000, 0x0000, 0x0000, 0x0000, 0x0000, 0x0000, 0x0000, 0x0861,
  0x0020, 0x0021, 0x38E1, 0x61A2, 0x8264, 0x8AA4, 0x8A64, 0x8A84, 0x6A03, 0x4941, 0x3901, 0x3901,
  0x3901, 0x4121, 0x4121, 0x0020, 0x0020, 0x0020, 0x0020, 0x0040, 0x0041, 0x0020, 0x0020, 0x0020,
  0x0020, 0x0020, 0x0020, 0x0020, 0x0020, 0x0020, 0x0020, 0x0021, 0x0021, 0x0041, 0x0041, 0x0020,
  0x40E1, 0x4921, 0x7203, 0x9284, 0x8A64, 0x8A64, 0x7A03, 0x71E3, 0x5162, 0x0020, 0x0041, 0x0021,
  0x0020, 0x0000, 0x0000, 0x0000, 0x0000, 0x0000, 0x0000, 0x0000, 0x0000, 0x0000, 0x0000, 0x0000,
  0x0000, 0x0000, 0x0000, 0x0020, 0x0020, 0x0020, 0x28C1, 0x38E1, 0x5162, 0x5142, 0x4922, 0x40E1,
  0x4101, 0x38C0, 0x0020, 0x0020, 0x0020, 0x0041, 0x0020, 0x0020, 0x0020, 0x0020, 0x0040, 0x0040,
  0x0041, 0x0041, 0x0041, 0x0040, 0x0041, 0x0040, 0x0021, 0x0041, 0x0021, 0x0020, 0x0020, 0x0040,
  0x0041, 0x0041, 0x0841, 0x0020, 0x0020, 0x5182, 0x4921, 0x5121, 0x5121, 0x4921, 0x5121, 0x5121,
  0x30A0, 0x0020, 0x0020, 0x0841, 0x0862, 0x0000, 0x0000, 0x0000, 0x0000, 0x0000, 0x0000, 0x0000,
  0x0000, 0x0000, 0x0000, 0x0000, 0x0000, 0x0000, 0x0000, 0x0000, 0x0862, 0x0861, 0x0020, 0x0020,
  0x0820, 0x0820, 0x0020, 0x0020, 0x0020, 0x0020, 0x0841, 0x0841, 0x0021, 0x0021, 0x0040, 0x0020,
  0x0020, 0x0020, 0x0040, 0x0040, 0x0021, 0x0021, 0x0040, 0x0020, 0x0020, 0x0040, 0x0020, 0x0020,
  0x0021, 0x0020, 0x0020, 0x0041, 0x0041, 0x0020, 0x0020, 0x0020, 0x0020, 0x0020, 0x0840, 0x1040,
  0x0840, 0x1040, 0x0840, 0x1040, 0x0020, 0x0862, 0x0000, 0x0000, 0x0000, 0x0000, 0x0000, 0x0000,
  0x0000, 0x0000, 0x0000, 0x0000, 0x0000, 0x0000, 0x0000, 0x0000, 0x0000, 0x0000, 0x0000, 0x0000,
  0x0000, 0x0000, 0x0000, 0x0000, 0x0000, 0x0041, 0x0861, 0x0861, 0x0861, 0x0861, 0x0020, 0x0020,
  0x0020, 0x0020, 0x0020, 0x0020, 0x0020, 0x0040, 0x0841, 0x0041, 0x0020, 0x0020, 0x0040, 0x0040,
  0x0020, 0x0020, 0x0041, 0x0841, 0x0041, 0x0841, 0x0840, 0x0000, 0x0000, 0x0000, 0x0000, 0x0000,
  0x0000, 0x0000, 0x0000, 0x0000, 0x0000, 0x0000, 0x0000, 0x0000, 0x0000, 0x0000, 0x0000, 0x0000,
  0x0000, 0x0000, 0x0000, 0x0000
};
const int FIGHTERWALK2_width = 64;
const int FIGHTERWALK2_height = 64;

// rogue64x64  64 x 64  (RGB565)
const uint16_t ROGUE64X64[START_W * START_H] PROGMEM = {
         0xf81f, 0xf81f, 0xf81f, 0xf81f, 0xf81f, 0xf81f, 0xf81f, 0xf81f, 0xf81f, 0xf81f, 0xf81f, 0xf81f, 0xf81f, 0xf81f, 0xf81f, 0xf81f, 0xf81f, 0xf81f, 0xf81f, 0xf81f, 0xf81f, 0xf81f, 0xf81f, 0x10a1, 0x2940, 0x3845, 0x3807, 0x3807, 0x3807, 0x3807, 0x3807, 0x3807, 0x580b, 0xf81f, 0xf81f, 0xf81f, 0xf81f, 0xf81f, 0xf81f, 0xf81f, 0xf81f, 0xf81f, 0xf81f, 0xf81f, 0xf81f, 0xf81f, 0xf81f, 0xf81f, 0xf81f, 0xf81f, 0xf81f, 0xf81f, 0xf81f, 0xf81f, 0xf81f, 0xf81f, 0xf81f, 0xf81f, 0xf81f, 0xf81f, 0xf81f, 0xf81f, 0xf81f, 0xf81f,
    0xf81f, 0xf81f, 0xf81f, 0xf81f, 0xf81f, 0xf81f, 0xf81f, 0xf81f, 0xf81f, 0xf81f, 0xf81f, 0xf81f, 0xf81f, 0xf81f, 0xf81f, 0xf81f, 0xf81f, 0xf81f, 0xf81f, 0xf81f, 0xf81f, 0xf81f, 0x500a, 0x1002, 0x3942, 0x3141, 0x2920, 0x2920, 0x3140, 0x3160, 0x2940, 0x10c0, 0x20a1, 0x582a, 0x500a, 0x500a, 0x500a, 0xf81f, 0xf81f, 0xf81f, 0xf81f, 0xf81f, 0xf81f, 0xf81f, 0xf81f, 0xf81f, 0xf81f, 0xf81f, 0xf81f, 0xf81f, 0xf81f, 0xf81f, 0xf81f, 0xf81f, 0xf81f, 0xf81f, 0xf81f, 0xf81f, 0xf81f, 0xf81f, 0xf81f, 0xf81f, 0xf81f, 0xf81f,
    0xf81f, 0xf81f, 0xf81f, 0xf81f, 0xf81f, 0xf81f, 0xf81f, 0xf81f, 0xf81f, 0xf81f, 0xf81f, 0xf81f, 0xf81f, 0xf81f, 0xf81f, 0xf81f, 0xf81f, 0xf81f, 0xf81f, 0xf81f, 0x480a, 0x2082, 0x1900, 0x3942, 0x4963, 0x51c3, 0x51c3, 0x51a3, 0x51c3, 0x59c3, 0x51a3, 0x3922, 0x3922, 0x3140, 0x2120, 0x2940, 0x2120, 0x50e7, 0x1843, 0xf81f, 0xf81f, 0xf81f, 0xf81f, 0xf81f, 0xf81f, 0xf81f, 0xf81f, 0xf81f, 0xf81f, 0xf81f, 0xf81f, 0xf81f, 0xf81f, 0xf81f, 0xf81f, 0xf81f, 0xf81f, 0xf81f, 0xf81f, 0xf81f, 0xf81f, 0xf81f, 0xf81f, 0xf81f,
    0xf81f, 0xf81f, 0xf81f, 0xf81f, 0xf81f, 0xf81f, 0xf81f, 0xf81f, 0xf81f, 0xf81f, 0xf81f, 0xf81f, 0xf81f, 0xf81f, 0xf81f, 0xf81f, 0xf81f, 0xf81f, 0x500a, 0x28c2, 0x2120, 0x4182, 0x51c3, 0x59e3, 0x59c3, 0x51a3, 0x51a3, 0x4983, 0x3922, 0x3922, 0x3922, 0x3102, 0x4162, 0x59e3, 0x59e4, 0x51a3, 0x3102, 0x0880, 0x600c, 0xf81f, 0xf81f, 0xf81f, 0xf81f, 0xf81f, 0xf81f, 0xf81f, 0xf81f, 0xf81f, 0xf81f, 0xf81f, 0xf81f, 0xf81f, 0xf81f, 0xf81f, 0xf81f, 0xf81f, 0xf81f, 0xf81f, 0xf81f, 0xf81f, 0xf81f, 0xf81f, 0xf81f, 0xf81f,
    0xf81f, 0xf81f, 0xf81f, 0xf81f, 0xf81f, 0xf81f, 0xf81f, 0xf81f, 0xf81f, 0xf81f, 0xf81f, 0xf81f, 0xf81f, 0xf81f, 0xf81f, 0xf81f, 0xf81f, 0x2023, 0x18e0, 0x4182, 0x6204, 0x6a04, 0x59c3, 0x51a3, 0x51c3, 0x51a3, 0x51a3, 0x51a3, 0x3942, 0x28e2, 0x30e2, 0x3942, 0x51a3, 0x51a3, 0x51c3, 0x51a3, 0x4142, 0x2901, 0x3846, 0xf81f, 0xf81f, 0xf81f, 0xf81f, 0xf81f, 0xf81f, 0xf81f, 0xf81f, 0xf81f, 0xf81f, 0xf81f, 0xf81f, 0xf81f, 0xf81f, 0xf81f, 0xf81f, 0xf81f, 0xf81f, 0xf81f, 0xf81f, 0xf81f, 0xf81f, 0xf81f, 0xf81f, 0xf81f,
    0xf81f, 0xf81f, 0xf81f, 0xf81f, 0xf81f, 0xf81f, 0xf81f, 0xf81f, 0xf81f, 0xf81f, 0xf81f, 0xf81f, 0xf81f, 0xf81f, 0xf81f, 0xf81f, 0x2825, 0x3121, 0x6204, 0x6204, 0x51a3, 0x51a3, 0x59c3, 0x49a3, 0x4163, 0x51a3, 0x4983, 0x3102, 0x3922, 0x3922, 0x4163, 0x51a3, 0x51a3, 0x4983, 0x51a3, 0x59e3, 0x59e3, 0x59e4, 0x3141, 0x0841, 0xf81f, 0xf81f, 0xf81f, 0xf81f, 0xf81f, 0xf81f, 0xf81f, 0xf81f, 0xf81f, 0xf81f, 0xf81f, 0xf81f, 0xf81f, 0xf81f, 0xf81f, 0xf81f, 0xf81f, 0xf81f, 0xf81f, 0xf81f, 0xf81f, 0xf81f, 0xf81f, 0xf81f,
    0xf81f, 0xf81f, 0xf81f, 0xf81f, 0xf81f, 0xf81f, 0xf81f, 0xf81f, 0xf81f, 0xf81f, 0xf81f, 0xf81f, 0xf81f, 0xf81f, 0xf81f, 0x3866, 0x20e0, 0x51c3, 0x59c3, 0x51a3, 0x59e4, 0x59e3, 0x4142, 0x4162, 0x4983, 0x4983, 0x4162, 0x3922, 0x4142, 0x4163, 0x51a3, 0x51a3, 0x51a3, 0x51a3, 0x59c3, 0x59e3, 0x51c3, 0x51a3, 0x51c3, 0x2941, 0x5069, 0xf81f, 0xf81f, 0xf81f, 0xf81f, 0xf81f, 0xf81f, 0xf81f, 0xf81f, 0xf81f, 0xf81f, 0xf81f, 0xf81f, 0xf81f, 0xf81f, 0xf81f, 0xf81f, 0xf81f, 0xf81f, 0xf81f, 0xf81f, 0xf81f, 0xf81f, 0xf81f,
    0xf81f, 0xf81f, 0xf81f, 0xf81f, 0xf81f, 0xf81f, 0xf81f, 0xf81f, 0xf81f, 0xf81f, 0xf81f, 0xf81f, 0xf81f, 0x1823, 0x18e0, 0x41a3, 0x4983, 0x4143, 0x4142, 0x61e3, 0x59e3, 0x51a3, 0x4983, 0x51c3, 0x51a3, 0x4183, 0x51a3, 0x59c3, 0x51a3, 0x51a3, 0x49a3, 0x51a3, 0x61e3, 0x59c3, 0x59e3, 0x51c3, 0x51a3, 0x4983, 0x49a3, 0x51a3, 0x10e0, 0x5009, 0xf81f, 0xf81f, 0xf81f, 0xf81f, 0xf81f, 0xf81f, 0xf81f, 0xf81f, 0xf81f, 0xf81f, 0xf81f, 0xf81f, 0xf81f, 0xf81f, 0xf81f, 0xf81f, 0xf81f, 0xf81f, 0xf81f, 0xf81f, 0xf81f, 0xf81f,
    0xf81f, 0xf81f, 0xf81f, 0xf81f, 0xf81f, 0xf81f, 0xf81f, 0xf81f, 0xf81f, 0xf81f, 0xf81f, 0xf81f, 0xf81f, 0xf81f, 0x1041, 0x1081, 0x20a1, 0x4142, 0x51c3, 0x5183, 0x4162, 0x59e3, 0x7224, 0x61e3, 0x6a04, 0x6203, 0x51c3, 0x59e3, 0x51a3, 0x59c3, 0x59e3, 0x59c3, 0x6a24, 0x6203, 0x51a3, 0x4983, 0x4163, 0x4163, 0x3942, 0x4163, 0x4163, 0x18c0, 0x2024, 0xf81f, 0xf81f, 0xf81f, 0xf81f, 0xf81f, 0xf81f, 0xf81f, 0xf81f, 0xf81f, 0xf81f, 0xf81f, 0xf81f, 0xf81f, 0xf81f, 0xf81f, 0xf81f, 0xf81f, 0xf81f, 0xf81f, 0xf81f, 0xf81f,
    0xf81f, 0xf81f, 0xf81f, 0xf81f, 0xf81f, 0xf81f, 0xf81f, 0xf81f, 0xf81f, 0xf81f, 0xf81f, 0xf81f, 0xf81f, 0xf81f, 0xf81f, 0x2804, 0x3941, 0x59e3, 0x4983, 0x3102, 0x61e3, 0x61e3, 0x4162, 0x61e4, 0x6a04, 0x59e3, 0x59c3, 0x4163, 0x3922, 0x7244, 0x6203, 0x61e3, 0x59c3, 0x4142, 0x3942, 0x51a3, 0x4163, 0x3122, 0x3922, 0x28e2, 0x20c2, 0x20a2, 0x18e0, 0xf81f, 0xf81f, 0xf81f, 0xf81f, 0xf81f, 0xf81f, 0xf81f, 0xf81f, 0xf81f, 0xf81f, 0xf81f, 0xf81f, 0xf81f, 0xf81f, 0xf81f, 0xf81f, 0xf81f, 0xf81f, 0xf81f, 0xf81f, 0xf81f,
    0xf81f, 0xf81f, 0xf81f, 0xf81f, 0xf81f, 0xf81f, 0xf81f, 0xf81f, 0xf81f, 0xf81f, 0xf81f, 0xf81f, 0xf81f, 0xf81f, 0xf81f, 0x20c1, 0x51c3, 0x59c3, 0x3922, 0x4963, 0x59c3, 0x3942, 0x4983, 0x59c3, 0x51a3, 0x51c3, 0x51a3, 0x1881, 0x1060, 0x59c3, 0x59c3, 0x51a3, 0x51a3, 0x4983, 0x3122, 0x3922, 0x4983, 0x3122, 0x3102, 0x3102, 0x1061, 0x0020, 0x1022, 0x602c, 0xf81f, 0xf81f, 0xf81f, 0xf81f, 0xf81f, 0xf81f, 0xf81f, 0xf81f, 0xf81f, 0xf81f, 0xf81f, 0xf81f, 0xf81f, 0xf81f, 0xf81f, 0xf81f, 0xf81f, 0xf81f, 0xf81f, 0xf81f,
    0xf81f, 0xf81f, 0xf81f, 0xf81f, 0xf81f, 0xf81f, 0xf81f, 0xf81f, 0xf81f, 0xf81f, 0xf81f, 0xf81f, 0xf81f, 0xf81f, 0xf81f, 0x2941, 0x51c3, 0x4983, 0x3942, 0x59c3, 0x4142, 0x0840, 0x4982, 0x59c3, 0x3942, 0x3922, 0x18a1, 0x4122, 0x61a3, 0x0860, 0x4983, 0x4963, 0x5183, 0x51a3, 0x3102, 0x20c2, 0x3102, 0x3102, 0x3102, 0x3922, 0x3102, 0x0060, 0x600d, 0xf81f, 0xf81f, 0xf81f, 0xf81f, 0xf81f, 0xf81f, 0xf81f, 0xf81f, 0xf81f, 0xf81f, 0xf81f, 0xf81f, 0xf81f, 0xf81f, 0xf81f, 0xf81f, 0xf81f, 0xf81f, 0xf81f, 0xf81f, 0xf81f,
    0xf81f, 0xf81f, 0xf81f, 0xf81f, 0xf81f, 0xf81f, 0xf81f, 0xf81f, 0xf81f, 0xf81f, 0xf81f, 0xf81f, 0xf81f, 0xf81f, 0x3827, 0x3161, 0x4163, 0x3942, 0x3922, 0x51a3, 0x1881, 0x1860, 0x4142, 0x61e3, 0x28e2, 0x0820, 0x5142, 0xc3c7, 0xcbc8, 0x30c1, 0x28e2, 0x3922, 0x4142, 0x4983, 0x3102, 0x20a1, 0x28e2, 0x30e2, 0x3102, 0x28e2, 0x3102, 0x20e1, 0x0821, 0x700e, 0xf81f, 0xf81f, 0xf81f, 0xf81f, 0xf81f, 0xf81f, 0xf81f, 0xf81f, 0xf81f, 0xf81f, 0xf81f, 0xf81f, 0xf81f, 0xf81f, 0xf81f, 0xf81f, 0xf81f, 0xf81f, 0xf81f, 0xf81f,
    0xf81f, 0xf81f, 0xf81f, 0xf81f, 0xf81f, 0xf81f, 0xf81f, 0xf81f, 0xf81f, 0xf81f, 0xf81f, 0xf81f, 0xf81f, 0xf81f, 0x2844, 0x2101, 0x28e2, 0x3922, 0x3102, 0x28e2, 0x59a3, 0x8244, 0x3922, 0x4962, 0x30e1, 0x5982, 0xbb66, 0xe468, 0xecca, 0xbba7, 0x7204, 0x3102, 0x20c1, 0x4983, 0x3943, 0x20c1, 0x1061, 0x1040, 0x20c2, 0x28e2, 0x18a1, 0x20a1, 0x1080, 0x0020, 0x580b, 0xf81f, 0xf81f, 0xf81f, 0xf81f, 0xf81f, 0xf81f, 0xf81f, 0xf81f, 0xf81f, 0xf81f, 0xf81f, 0xf81f, 0xf81f, 0xf81f, 0xf81f, 0xf81f, 0xf81f, 0xf81f, 0xf81f,
    0xf81f, 0xf81f, 0xf81f, 0xf81f, 0xf81f, 0xf81f, 0xf81f, 0xf81f, 0xf81f, 0xf81f, 0xf81f, 0xf81f, 0xf81f, 0xf81f, 0x0860, 0x1061, 0x28e2, 0x3942, 0x1061, 0x0000, 0x9284, 0xd3e8, 0x28e1, 0x20c1, 0x8a44, 0xdc48, 0xf4ea, 0xf4ea, 0xf4ea, 0xab67, 0x5183, 0x1041, 0x1061, 0x4983, 0x4163, 0x1881, 0x20a1, 0x1040, 0x1061, 0x20c2, 0x18a1, 0x0000, 0x0020, 0x10a2, 0x00a0, 0x3026, 0xf81f, 0xf81f, 0xf81f, 0xf81f, 0xf81f, 0xf81f, 0xf81f, 0xf81f, 0xf81f, 0xf81f, 0xf81f, 0xf81f, 0xf81f, 0xf81f, 0xf81f, 0xf81f, 0xf81f, 0xf81f,
    0xf81f, 0xf81f, 0xf81f, 0xf81f, 0xf81f, 0xf81f, 0xf81f, 0xf81f, 0xf81f, 0xf81f, 0xf81f, 0xf81f, 0xf81f, 0xf81f, 0x0020, 0x0801, 0x20c1, 0x28e2, 0x0000, 0x5983, 0x38e1, 0x59c3, 0x9ac5, 0x1860, 0x9ac5, 0xecc9, 0xcc49, 0x8b06, 0x59a3, 0x30c1, 0x3901, 0x9285, 0x2081, 0x20a1, 0x28e2, 0x20c1, 0xd3e7, 0xd428, 0x3942, 0x0840, 0x20c1, 0x0820, 0x0000, 0x0861, 0x2104, 0x1922, 0x2865, 0xf81f, 0xf81f, 0xf81f, 0xf81f, 0xf81f, 0xf81f, 0xf81f, 0xf81f, 0xf81f, 0xf81f, 0xf81f, 0xf81f, 0xf81f, 0xf81f, 0xf81f, 0xf81f, 0xf81f,
    0xf81f, 0xf81f, 0xf81f, 0xf81f, 0xf81f, 0xf81f, 0xf81f, 0xf81f, 0xf81f, 0xf81f, 0xf81f, 0xf81f, 0xf81f, 0xf81f, 0xf81f, 0x4808, 0x0060, 0x1881, 0x0820, 0x5142, 0x2081, 0x0020, 0x3902, 0x7a04, 0xc387, 0xf4ea, 0x6a04, 0x0000, 0x0000, 0x1081, 0x20a2, 0x92a5, 0x9285, 0x1881, 0x1881, 0x2081, 0x9264, 0xe448, 0x51a3, 0x1060, 0x1881, 0x0020, 0x0000, 0x0841, 0x2945, 0x3185, 0x0080, 0xf81f, 0xf81f, 0xf81f, 0xf81f, 0xf81f, 0xf81f, 0xf81f, 0xf81f, 0xf81f, 0xf81f, 0xf81f, 0xf81f, 0xf81f, 0xf81f, 0xf81f, 0xf81f, 0xf81f,
    0xf81f, 0xf81f, 0xf81f, 0xf81f, 0xf81f, 0xf81f, 0xf81f, 0xf81f, 0xf81f, 0xf81f, 0xf81f, 0xf81f, 0xf81f, 0xf81f, 0xf81f, 0x4008, 0x1002, 0x1842, 0x0840, 0x8a64, 0xb3ea, 0x0000, 0x1061, 0xcba7, 0xe48a, 0xed0b, 0xd428, 0x61e3, 0x0000, 0x7bae, 0xacb1, 0xa2e5, 0xe428, 0x4922, 0x1860, 0x8224, 0xa2a5, 0xd3c7, 0x4122, 0x0820, 0x0020, 0x0020, 0x1082, 0x2124, 0x3165, 0x2924, 0x0040, 0xf81f, 0xf81f, 0xf81f, 0xf81f, 0xf81f, 0xf81f, 0xf81f, 0xf81f, 0xf81f, 0xf81f, 0xf81f, 0xf81f, 0xf81f, 0xf81f, 0xf81f, 0xf81f, 0xf81f,
    0xf81f, 0xf81f, 0xf81f, 0xf81f, 0xf81f, 0xf81f, 0xf81f, 0xf81f, 0xf81f, 0xf81f, 0xf81f, 0xf81f, 0xf81f, 0xf81f, 0xf81f, 0xf81f, 0x700d, 0x2044, 0x0020, 0xa2e6, 0xd530, 0x0021, 0x51a4, 0xfd0a, 0xf52b, 0xfd6c, 0xfdcc, 0x9b47, 0x0000, 0x8431, 0xff9a, 0xf509, 0xec68, 0x69e3, 0x5983, 0xc366, 0xdbe8, 0x8a65, 0x1040, 0x0000, 0x0861, 0x18c3, 0x2965, 0x31a6, 0x2945, 0x10c2, 0x3026, 0xf81f, 0xf81f, 0xf81f, 0xf81f, 0xf81f, 0xf81f, 0xf81f, 0xf81f, 0xf81f, 0xf81f, 0xf81f, 0xf81f, 0xf81f, 0xf81f, 0xf81f, 0xf81f, 0xf81f,
    0xf81f, 0xf81f, 0xf81f, 0xf81f, 0xf81f, 0xf81f, 0xf81f, 0xf81f, 0xf81f, 0xf81f, 0xf81f, 0xf81f, 0xf81f, 0xf81f, 0xf81f, 0xf81f, 0x0861, 0x10a2, 0x0000, 0xa305, 0xfdad, 0x3984, 0x49a5, 0xbbe9, 0xab68, 0xc449, 0xdd0c, 0xa3ea, 0x3122, 0xa4b1, 0xff98, 0xfdac, 0xe469, 0xaae5, 0x7a24, 0x3902, 0x28c1, 0x0820, 0x0841, 0x10a2, 0x31a6, 0x31a6, 0x2965, 0x2944, 0x18e3, 0x0060, 0x8010, 0xf81f, 0xf81f, 0xf81f, 0xf81f, 0xf81f, 0xf81f, 0xf81f, 0xf81f, 0xf81f, 0xf81f, 0xf81f, 0xf81f, 0xf81f, 0xf81f, 0xf81f, 0xf81f, 0xf81f,
    0xf81f, 0xf81f, 0xf81f, 0xf81f, 0xf81f, 0xf81f, 0xf81f, 0xf81f, 0xf81f, 0xf81f, 0xf81f, 0xf81f, 0xf81f, 0xf81f, 0xf81f, 0x08a2, 0x2986, 0x0020, 0x0000, 0x3922, 0x7285, 0x5a46, 0x2966, 0x3186, 0x2966, 0x2966, 0x2945, 0x5226, 0x8b47, 0x82e7, 0x82e7, 0x6a65, 0x2902, 0x5163, 0x28a1, 0x0000, 0x0000, 0x18c3, 0x2965, 0x39a6, 0x31a6, 0x3165, 0x2124, 0x18e3, 0x18e3, 0x18c2, 0x0040, 0xf81f, 0xf81f, 0xf81f, 0xf81f, 0xf81f, 0xf81f, 0xf81f, 0xf81f, 0xf81f, 0xf81f, 0xf81f, 0xf81f, 0xf81f, 0xf81f, 0xf81f, 0xf81f, 0xf81f,
    0xf81f, 0xf81f, 0xf81f, 0xf81f, 0xf81f, 0xf81f, 0xf81f, 0xf81f, 0xf81f, 0xf81f, 0xf81f, 0xf81f, 0xf81f, 0xf81f, 0xf81f, 0x00a0, 0x2965, 0x10a2, 0x0000, 0x10a3, 0x2125, 0x2966, 0x3186, 0x31a6, 0x31a6, 0x31a6, 0x3186, 0x2986, 0x2146, 0x2125, 0x10c4, 0x0883, 0x18e4, 0x20e3, 0x0020, 0x1082, 0x3186, 0x39c7, 0x3186, 0x3186, 0x2124, 0x18e3, 0x2124, 0x2124, 0x18e3, 0x18c2, 0x0040, 0xf81f, 0xf81f, 0xf81f, 0xf81f, 0xf81f, 0xf81f, 0xf81f, 0xf81f, 0xf81f, 0xf81f, 0xf81f, 0xf81f, 0xf81f, 0xf81f, 0xf81f, 0xf81f, 0xf81f,
    0xf81f, 0xf81f, 0xf81f, 0xf81f, 0xf81f, 0xf81f, 0xf81f, 0xf81f, 0xf81f, 0xf81f, 0xf81f, 0xf81f, 0xf81f, 0xf81f, 0xf81f, 0x0040, 0x2124, 0x2965, 0x18a2, 0x0820, 0x18e3, 0x2965, 0x2945, 0x2945, 0x31a6, 0x3185, 0x3185, 0x3186, 0x3185, 0x2965, 0x2104, 0x18e3, 0x18c3, 0x0020, 0x0861, 0x3186, 0x39c7, 0x31a6, 0x2965, 0x2124, 0x18e3, 0x1081, 0x0020, 0x0020, 0x0000, 0x0020, 0x3026, 0xf81f, 0xf81f, 0xf81f, 0xf81f, 0xf81f, 0xf81f, 0xf81f, 0xf81f, 0xf81f, 0xf81f, 0xf81f, 0xf81f, 0xf81f, 0xf81f, 0xf81f, 0xf81f, 0xf81f,
    0xf81f, 0xf81f, 0xf81f, 0xf81f, 0xf81f, 0xf81f, 0xf81f, 0xf81f, 0xf81f, 0xf81f, 0xf81f, 0xf81f, 0xf81f, 0xf81f, 0xf81f, 0x500a, 0x0080, 0x31a6, 0x31a6, 0x1082, 0x0000, 0x18c3, 0x2945, 0x2945, 0x2965, 0x2965, 0x2965, 0x2965, 0x2945, 0x2104, 0x18c3, 0x1061, 0x0000, 0x18c3, 0x3186, 0x3186, 0x3165, 0x2124, 0x10a2, 0x0841, 0x0020, 0x0841, 0x1062, 0x18c3, 0x18c3, 0x0020, 0x1002, 0xf81f, 0xf81f, 0xf81f, 0xf81f, 0xf81f, 0xf81f, 0xf81f, 0xf81f, 0xf81f, 0xf81f, 0xf81f, 0xf81f, 0xf81f, 0xf81f, 0xf81f, 0xf81f, 0xf81f,
    0xf81f, 0xf81f, 0xf81f, 0xf81f, 0xf81f, 0xf81f, 0xf81f, 0xf81f, 0xf81f, 0xf81f, 0xf81f, 0xf81f, 0xf81f, 0xf81f, 0xf81f, 0x2003, 0x0060, 0x2104, 0x3186, 0x3166, 0x10a2, 0x0000, 0x0861, 0x2124, 0x2945, 0x2965, 0x2944, 0x20e3, 0x18e3, 0x1082, 0x0020, 0x0841, 0x20e3, 0x3186, 0x2965, 0x2124, 0x18e3, 0x0841, 0x0861, 0x10a2, 0x2124, 0x2965, 0x2965, 0x2945, 0x2945, 0x2944, 0x1903, 0x0060, 0xf81f, 0xf81f, 0xf81f, 0xf81f, 0xf81f, 0xf81f, 0xf81f, 0xf81f, 0xf81f, 0xf81f, 0xf81f, 0xf81f, 0xf81f, 0xf81f, 0xf81f, 0xf81f,
    0x680c, 0x580b, 0xf81f, 0xf81f, 0xf81f, 0xf81f, 0xf81f, 0xf81f, 0xf81f, 0xf81f, 0xf81f, 0xf81f, 0xf81f, 0xf81f, 0x3867, 0x1943, 0x2925, 0x0841, 0x10a2, 0x2965, 0x2945, 0x2124, 0x1082, 0x0841, 0x20e3, 0x18e3, 0x18c3, 0x1082, 0x0020, 0x0861, 0x2104, 0x2965, 0x3186, 0x2945, 0x2945, 0x1082, 0x0820, 0x1082, 0x2124, 0x3186, 0x31a6, 0x39a6, 0x31c6, 0x3185, 0x2965, 0x31a6, 0x2104, 0x08a1, 0x2825, 0xf81f, 0xf81f, 0xf81f, 0xf81f, 0xf81f, 0xf81f, 0xf81f, 0xf81f, 0xf81f, 0xf81f, 0xf81f, 0xf81f, 0xf81f, 0xf81f, 0xf81f,
    0x1062, 0x744e, 0x606c, 0xf81f, 0xf81f, 0xf81f, 0xf81f, 0xf81f, 0xf81f, 0xf81f, 0xf81f, 0xf81f, 0xf81f, 0xf81f, 0x08e1, 0x41e7, 0x31a6, 0x2945, 0x1082, 0x0841, 0x2965, 0x2965, 0x2965, 0x18c2, 0x0841, 0x0020, 0x0020, 0x0841, 0x18c3, 0x2965, 0x39c7, 0x2945, 0x18e3, 0x18e3, 0x1082, 0x0841, 0x18c3, 0x2965, 0x31a6, 0x3186, 0x3186, 0x3186, 0x3186, 0x31a6, 0x3186, 0x2965, 0x2945, 0x2104, 0x00a0, 0x3827, 0xf81f, 0xf81f, 0xf81f, 0xf81f, 0xf81f, 0xf81f, 0xf81f, 0xf81f, 0xf81f, 0xf81f, 0xf81f, 0xf81f, 0xf81f, 0xf81f,
    0x2064, 0xe77c, 0x94f1, 0x4008, 0xf81f, 0xf81f, 0xf81f, 0xf81f, 0xf81f, 0xf81f, 0xf81f, 0xf81f, 0xf81f, 0x500a, 0x1102, 0x3165, 0x2965, 0x2965, 0x2124, 0x18e3, 0x1082, 0x2124, 0x3186, 0x3186, 0x18c3, 0x10a2, 0x18c3, 0x2124, 0x3186, 0x39a6, 0x2945, 0x18e3, 0x0861, 0x18c3, 0x18e3, 0x2124, 0x3165, 0x3186, 0x3165, 0x3165, 0x2965, 0x2945, 0x2945, 0x3186, 0x2124, 0x2104, 0x2124, 0x18e3, 0x18e3, 0x0040, 0xf81f, 0xf81f, 0xf81f, 0xf81f, 0xf81f, 0xf81f, 0xf81f, 0xf81f, 0xf81f, 0xf81f, 0xf81f, 0xf81f, 0xf81f, 0xf81f,
    0x2064, 0xd69a, 0xffff, 0x7c4f, 0x3026, 0xf81f, 0xf81f, 0xf81f, 0xf81f, 0xf81f, 0xf81f, 0xf81f, 0x580b, 0x08c1, 0x2945, 0x3166, 0x3186, 0x2104, 0x2945, 0x2104, 0x0841, 0x0861, 0x18e3, 0x2145, 0x3166, 0x3166, 0x2965, 0x3186, 0x2945, 0x18e3, 0x0841, 0x0841, 0x1060, 0x0820, 0x0020, 0x18c3, 0x2124, 0x2945, 0x2965, 0x2965, 0x3186, 0x3186, 0x3186, 0x3186, 0x2965, 0x2965, 0x2103, 0x18c3, 0x18c3, 0x18e3, 0x1843, 0xf81f, 0xf81f, 0xf81f, 0xf81f, 0xf81f, 0xf81f, 0xf81f, 0xf81f, 0xf81f, 0xf81f, 0xf81f, 0xf81f, 0xf81f,
    0x1042, 0xad75, 0xd69a, 0xf7de, 0x6c0e, 0x500a, 0xf81f, 0xf81f, 0xf81f, 0xf81f, 0xf81f, 0xf81f, 0x500a, 0x1062, 0x0841, 0x1082, 0x2965, 0x2104, 0x0841, 0x0000, 0x1860, 0x1861, 0x0000, 0x1881, 0x2104, 0x2125, 0x2104, 0x18c3, 0x1082, 0x0020, 0x1060, 0x20a1, 0x20e2, 0x1061, 0x1060, 0x0840, 0x0020, 0x0820, 0x0841, 0x0841, 0x18e3, 0x2945, 0x2124, 0x2965, 0x39a6, 0x31a6, 0x3186, 0x3165, 0x2944, 0x2103, 0x0060, 0xf81f, 0xf81f, 0xf81f, 0xf81f, 0xf81f, 0xf81f, 0xf81f, 0xf81f, 0xf81f, 0xf81f, 0xf81f, 0xf81f, 0xf81f,
    0x502a, 0x5aab, 0x9d13, 0xdefb, 0xdedb, 0x42a9, 0x4008, 0xf81f, 0xf81f, 0xf81f, 0xf81f, 0xf81f, 0xf81f, 0x580b, 0x0040, 0x1881, 0x1061, 0x0820, 0x1061, 0x1861, 0x30e1, 0x30e2, 0x0840, 0x5181, 0x3942, 0x1881, 0x28c1, 0x1880, 0x0841, 0x3122, 0x4163, 0x3943, 0x2924, 0x3103, 0x28c2, 0x1061, 0x0000, 0x0841, 0x18a2, 0x20c2, 0x1061, 0x0840, 0x0840, 0x1082, 0x18e3, 0x2104, 0x2965, 0x31a6, 0x31a6, 0x2945, 0x2103, 0x0020, 0xf81f, 0xf81f, 0xf81f, 0xf81f, 0xf81f, 0xf81f, 0xf81f, 0xf81f, 0xf81f, 0xf81f, 0xf81f, 0xf81f,
    0xf81f, 0x2004, 0x8cd2, 0x9cd3, 0xce59, 0x8cd1, 0x3066, 0xf81f, 0xf81f, 0xf81f, 0xf81f, 0xf81f, 0xf81f, 0x2805, 0x20e1, 0x4163, 0x4163, 0x20c2, 0x18a2, 0x1041, 0x30e1, 0x4143, 0x20a2, 0x0840, 0x6a44, 0x6a03, 0x8243, 0x59a2, 0x20a1, 0x4163, 0x41a4, 0x4184, 0x3143, 0x4163, 0x3102, 0x1881, 0x0820, 0x0000, 0x1081, 0x20c2, 0x2902, 0x28e2, 0x2902, 0x18c2, 0x0820, 0x0020, 0x0841, 0x2124, 0x2965, 0x3186, 0x2965, 0x0060, 0x680c, 0xf81f, 0xf81f, 0xf81f, 0xf81f, 0xf81f, 0xf81f, 0xf81f, 0xf81f, 0xf81f, 0xf81f, 0xf81f,
    0xf81f, 0x3807, 0x5b2c, 0x94b3, 0x8c51, 0xc638, 0x73ce, 0x3006, 0xf81f, 0xf81f, 0xf81f, 0xf81f, 0x2825, 0x1080, 0x3923, 0x4143, 0x4163, 0x3102, 0x18a2, 0x0820, 0x1061, 0x4163, 0x3102, 0x3963, 0x18a2, 0x7223, 0x61c3, 0x69a3, 0x79e3, 0x38e2, 0x2903, 0x3964, 0x4184, 0x4183, 0x3943, 0x20c2, 0x20a1, 0x0840, 0x0000, 0x1081, 0x20c2, 0x3102, 0x3943, 0x2923, 0x20e2, 0x1081, 0x0820, 0x0000, 0x0020, 0x2104, 0x3165, 0x2965, 0x08a1, 0x680d, 0xf81f, 0xf81f, 0xf81f, 0xf81f, 0xf81f, 0xf81f, 0xf81f, 0xf81f, 0xf81f, 0xf81f,
    0xf81f, 0xf81f, 0x2004, 0x63ad, 0x8c72, 0x94b2, 0xbe18, 0x528a, 0x500a, 0xf81f, 0x3866, 0x1041, 0x28a1, 0x4142, 0x4142, 0x3902, 0x1881, 0x28c1, 0x18a1, 0x0000, 0x0840, 0x4142, 0x28e2, 0x4164, 0x3964, 0x0861, 0x28a1, 0x61a2, 0x7a03, 0x71e3, 0x30e2, 0x1881, 0x2903, 0x3943, 0x3943, 0x28e2, 0x28c1, 0x1881, 0x0820, 0x0000, 0x18a2, 0x2903, 0x20c1, 0x20c1, 0x28c1, 0x3122, 0x20c2, 0x0840, 0x0020, 0x0000, 0x18a2, 0x3166, 0x3186, 0x08c1, 0x682d, 0xf81f, 0xf81f, 0xf81f, 0xf81f, 0xf81f, 0xf81f, 0xf81f, 0xf81f, 0xf81f,
    0xf81f, 0xf81f, 0x580b, 0x5aab, 0x8c92, 0x73cf, 0xad55, 0x8c51, 0x0881, 0x1882, 0x732a, 0x18e2, 0x1060, 0x28e2, 0x3102, 0x3102, 0x4122, 0x20a1, 0x20a1, 0x0020, 0x0020, 0x3122, 0x4963, 0x4163, 0x3985, 0x2944, 0x18c3, 0x20c1, 0x61c3, 0x5982, 0x5162, 0x5162, 0x20a1, 0x1061, 0x20c2, 0x28e2, 0x20a1, 0x1881, 0x0020, 0x0000, 0x0840, 0x3102, 0x5183, 0x59c3, 0x51a3, 0x4963, 0x3942, 0x20c1, 0x0820, 0x0000, 0x0000, 0x18a3, 0x2945, 0x2965, 0x00a0, 0x680c, 0xf81f, 0xf81f, 0xf81f, 0xf81f, 0xf81f, 0xf81f, 0xf81f, 0xf81f,
    0xf81f, 0xf81f, 0xf81f, 0x504a, 0x532b, 0x7bcf, 0x528b, 0x9cb3, 0x2924, 0x528a, 0xa490, 0x1081, 0x30e1, 0x59c4, 0x51a4, 0x20a1, 0x3902, 0x3922, 0x1861, 0x0820, 0x0000, 0x1081, 0x3102, 0x20e2, 0x0841, 0x0020, 0x0862, 0x0841, 0x0020, 0x30e1, 0x4962, 0x5162, 0x5162, 0x30e1, 0x0840, 0x0861, 0x0820, 0x0000, 0x0000, 0x0000, 0x28c1, 0x28e1, 0x1061, 0x18a1, 0x3943, 0x28e2, 0x4142, 0x3902, 0x0820, 0x0000, 0x0020, 0x0000, 0x1081, 0x2124, 0x2965, 0x0080, 0x8811, 0xf81f, 0xf81f, 0xf81f, 0xf81f, 0xf81f, 0xf81f, 0xf81f,
    0xf81f, 0xf81f, 0xf81f, 0x8010, 0x19a4, 0x7bf0, 0x630c, 0x2105, 0x7308, 0xd56e, 0x3963, 0x0820, 0x1061, 0x4983, 0x4983, 0x30e2, 0x20a1, 0x30e1, 0x1881, 0x0000, 0x0820, 0x1060, 0x1061, 0x1061, 0x5289, 0x732a, 0x732a, 0x5268, 0x18c3, 0x0020, 0x0840, 0x20a1, 0x2081, 0x28a1, 0x30c1, 0x28c1, 0x20a1, 0x2081, 0x28a1, 0x0820, 0x0820, 0x20e2, 0x3923, 0x51c4, 0x59e4, 0x51a4, 0x2902, 0x28e2, 0x1040, 0x0000, 0x0020, 0x0000, 0x0000, 0x0861, 0x2945, 0x2965, 0x1062, 0xb016, 0xf81f, 0xf81f, 0xf81f, 0xf81f, 0xf81f, 0xf81f,
    0xf81f, 0xf81f, 0xf81f, 0xf81f, 0xf81f, 0x29a6, 0x4a6a, 0x72a6, 0xedee, 0x72e6, 0x0000, 0x10a2, 0x3144, 0x1881, 0x28e2, 0x28c2, 0x20a1, 0x20a1, 0x1060, 0x0000, 0x1860, 0x3902, 0x4101, 0x3144, 0x8bcd, 0x5a26, 0x49e5, 0x7b6b, 0x62ea, 0x2080, 0x4122, 0x30c1, 0x1861, 0x1060, 0x69e3, 0x7a23, 0x5142, 0x38e1, 0x28c1, 0x0820, 0x1061, 0x4143, 0x4143, 0x51e4, 0x4163, 0x3922, 0x3103, 0x28e2, 0x0840, 0x0000, 0x0861, 0x0820, 0x0000, 0x0841, 0x0861, 0x18e3, 0x1923, 0x1063, 0xa815, 0xf81f, 0xf81f, 0xf81f, 0xf81f, 0xf81f,
    0xf81f, 0xf81f, 0xf81f, 0xf81f, 0xf81f, 0x0060, 0x72e5, 0xe5cc, 0x8326, 0x0020, 0x4163, 0x7a85, 0x41a4, 0x20c2, 0x1881, 0x28c1, 0x1881, 0x0020, 0x0040, 0x0020, 0x1860, 0x30e1, 0x4101, 0x3144, 0x6aa8, 0x30a0, 0x1840, 0x5206, 0x5289, 0x30a0, 0x69c3, 0x4942, 0x1881, 0x2081, 0x30e1, 0x4942, 0x5183, 0x30e2, 0x28c1, 0x1040, 0x1861, 0x30e2, 0x4142, 0x59c3, 0x59c3, 0x4142, 0x20a1, 0x1061, 0x0020, 0x0020, 0x1061, 0x1082, 0x0020, 0x0841, 0x0841, 0x0020, 0x2124, 0x1122, 0x3867, 0xf81f, 0xf81f, 0xf81f, 0xf81f, 0xf81f,
    0xf81f, 0xf81f, 0xf81f, 0xf81f, 0x5128, 0xa487, 0xd528, 0x49a2, 0x0841, 0x0000, 0xd449, 0xeca9, 0x28e2, 0x18a2, 0x0861, 0x1881, 0x0020, 0x0841, 0x0840, 0x0000, 0x1061, 0x1061, 0x2080, 0x18a2, 0x3165, 0x2923, 0x3144, 0x4a07, 0x39c6, 0x2080, 0x4942, 0x28c1, 0x0000, 0x28a1, 0x2081, 0x1040, 0x6aa7, 0x4184, 0x2080, 0x1040, 0x0841, 0x1061, 0x0861, 0x18a1, 0x3901, 0x30e1, 0x30e2, 0x28c1, 0x0820, 0x0000, 0x0841, 0x10a2, 0x0841, 0x0820, 0x1082, 0x0020, 0x1082, 0x2965, 0x0921, 0x582b, 0xf81f, 0xf81f, 0xf81f, 0xf81f,
    0xf81f, 0xf81f, 0xf81f, 0xf81f, 0x4a63, 0x9c08, 0x3141, 0x1040, 0x18a3, 0x0000, 0x7a65, 0x59c4, 0x0000, 0x28c2, 0x0040, 0x0000, 0x0020, 0x1062, 0x0020, 0x1060, 0x30e2, 0x3922, 0x28c1, 0x0820, 0x20e3, 0x41e6, 0x41e7, 0x41c6, 0x18a2, 0x0840, 0x0840, 0x0840, 0x0000, 0x30c1, 0x61a3, 0x2081, 0x1040, 0x1881, 0x0000, 0x0841, 0x3164, 0x41c5, 0x39a5, 0x2924, 0x0861, 0x0841, 0x1881, 0x20a1, 0x0840, 0x0000, 0x0000, 0x0861, 0x1082, 0x0841, 0x0861, 0x1082, 0x0020, 0x1082, 0x2944, 0x08a1, 0x8010, 0xf81f, 0xf81f, 0xf81f,
    0xf81f, 0xf81f, 0xf81f, 0xf81f, 0xf81f, 0x0000, 0x0020, 0x8264, 0x9327, 0x8b06, 0x20e2, 0x0000, 0x0820, 0x1080, 0x782e, 0x580a, 0x0040, 0x0861, 0x0841, 0x3942, 0x3922, 0x5183, 0x28c1, 0x20c2, 0x20c2, 0x0840, 0x1081, 0x1082, 0x1061, 0x2903, 0x3964, 0x20a2, 0x1060, 0x28c1, 0x61c3, 0x20a1, 0x4101, 0x28a1, 0x3922, 0x9ba9, 0x41a4, 0x2944, 0x41c6, 0x39a5, 0x3186, 0x2944, 0x1082, 0x0000, 0x0020, 0x0020, 0x0020, 0x0861, 0x10a2, 0x1082, 0x0861, 0x1082, 0x1082, 0x0861, 0x18c3, 0x2144, 0x1062, 0xf81f, 0xf81f, 0xf81f,
    0xf81f, 0xf81f, 0xf81f, 0xf81f, 0xf81f, 0xf81f, 0x582b, 0x51e1, 0xcbe7, 0xcbe7, 0x28e2, 0x1081, 0x0840, 0x0000, 0xb015, 0x3026, 0x0881, 0x0020, 0x18a1, 0x51a3, 0x51a3, 0x4983, 0x0820, 0x3123, 0x3963, 0x3164, 0x39a5, 0x3185, 0x18c2, 0x3922, 0x51e5, 0x20e2, 0x1860, 0x1040, 0x30e1, 0x4122, 0x5962, 0x1040, 0x7285, 0xfd4b, 0x30e2, 0x0882, 0x2945, 0x2124, 0x2945, 0x2124, 0x18c3, 0x0020, 0x0020, 0x0020, 0x0000, 0x0861, 0x10a2, 0x10a2, 0x0861, 0x0841, 0x10a2, 0x10a2, 0x18c3, 0x2124, 0x1903, 0x0821, 0xf81f, 0xf81f,
    0xf81f, 0xf81f, 0xf81f, 0xf81f, 0xf81f, 0xf81f, 0xf81f, 0x602b, 0x20c0, 0x71e2, 0x69c3, 0x1881, 0x6202, 0x9b66, 0x3044, 0x0040, 0x1082, 0x0820, 0x4142, 0x51a3, 0x59c3, 0x18a1, 0x20c2, 0x4183, 0x20c2, 0x20e3, 0x3145, 0x3185, 0x2924, 0x20e2, 0x4184, 0x4163, 0x0840, 0x30e2, 0x30e1, 0x20a1, 0x20a1, 0x0820, 0x20c1, 0x6162, 0x69a3, 0xb40a, 0x9b68, 0x8a85, 0x82a6, 0x59a4, 0x7a24, 0x1860, 0x0021, 0x0861, 0x0020, 0x0020, 0x1082, 0x18c3, 0x10a2, 0x0861, 0x1082, 0x10a2, 0x10a2, 0x18e3, 0x2945, 0x1102, 0x4829, 0xf81f,
    0xf81f, 0xf81f, 0xf81f, 0xf81f, 0xf81f, 0xf81f, 0xf81f, 0xf81f, 0xf81f, 0x3064, 0x20a0, 0x18e0, 0xb3e4, 0xa384, 0x0040, 0x1082, 0x0841, 0x28c2, 0x59a3, 0x59a3, 0x4963, 0x0820, 0x3963, 0x4184, 0x2923, 0x1061, 0x0841, 0x20e3, 0x2944, 0x1082, 0x3123, 0x51e5, 0x1082, 0x4962, 0x59a3, 0x20c2, 0x1881, 0x1881, 0x0000, 0x0000, 0xbba7, 0xfd4b, 0xd408, 0xd408, 0xbb47, 0xaac5, 0x5962, 0x0820, 0x0861, 0x1082, 0x0841, 0x0020, 0x1082, 0x18c3, 0x18e3, 0x1082, 0x0861, 0x10a2, 0x10a2, 0x18c3, 0x2124, 0x2143, 0x2044, 0xe81d,
    0xf81f, 0xf81f, 0xf81f, 0xf81f, 0xf81f, 0xf81f, 0xf81f, 0xf81f, 0xf81f, 0xf81f, 0xf81f, 0x8851, 0x40c5, 0x1060, 0x10a2, 0x10a2, 0x0000, 0x1041, 0x28e2, 0x59c4, 0x20a1, 0x2902, 0x4184, 0x3143, 0x2924, 0x18c3, 0x0841, 0x0020, 0x0841, 0x1061, 0x3964, 0x49c5, 0x3984, 0x1081, 0x4962, 0x5183, 0x4142, 0x3102, 0x20c2, 0x0841, 0x20c1, 0x4122, 0x5142, 0x4942, 0x38e1, 0x28a1, 0x0820, 0x0841, 0x10a2, 0x10a2, 0x0861, 0x0020, 0x1081, 0x18c3, 0x18c3, 0x10a2, 0x0861, 0x1082, 0x10a2, 0x18a2, 0x18e3, 0x2144, 0x18c4, 0x2805,
    0xf81f, 0xf81f, 0xf81f, 0xf81f, 0xf81f, 0xf81f, 0xf81f, 0xf81f, 0xf81f, 0xf81f, 0xf81f, 0xf81f, 0x780f, 0x0040, 0x18e3, 0x18c2, 0x0020, 0x1082, 0x18a1, 0x1061, 0x1881, 0x4184, 0x4184, 0x2923, 0x18c2, 0x18a2, 0x18a2, 0x0861, 0x0000, 0x0020, 0x3143, 0x49c4, 0x41a4, 0x1082, 0x28e1, 0x61e3, 0x51a3, 0x4162, 0x4142, 0x20a1, 0x1040, 0x0820, 0x0820, 0x0000, 0x0000, 0x0000, 0x0020, 0x1082, 0x10a2, 0x10a2, 0x10a2, 0x0020, 0x0841, 0x18c2, 0x18c3, 0x18c3, 0x1082, 0x1081, 0x10a2, 0x10a2, 0x10c2, 0x2924, 0x2144, 0x0040,
    0xf81f, 0xf81f, 0xf81f, 0xf81f, 0xf81f, 0xf81f, 0xf81f, 0xf81f, 0xf81f, 0xf81f, 0xf81f, 0xf81f, 0x3026, 0x10c1, 0x18c3, 0x1061, 0x0841, 0x3964, 0x49a4, 0x20e2, 0x3123, 0x4184, 0x3943, 0x3143, 0x20e3, 0x18c2, 0x1061, 0x0000, 0x0020, 0x0000, 0x18c2, 0x3984, 0x4184, 0x3984, 0x1082, 0x3922, 0x4962, 0x3902, 0x20a1, 0x0840, 0x0820, 0x0020, 0x0020, 0x0020, 0x0821, 0x0861, 0x0020, 0x1082, 0x18c2, 0x18a2, 0x10a2, 0x0841, 0x0000, 0x1082, 0x18e3, 0x18e3, 0x18e3, 0x1082, 0x0861, 0x1042, 0x2023, 0x10c1, 0x2945, 0x1041,
    0xf81f, 0xf81f, 0xf81f, 0xf81f, 0xf81f, 0xf81f, 0xf81f, 0xf81f, 0xf81f, 0xf81f, 0xf81f, 0x4008, 0x08c1, 0x10c1, 0x0060, 0x0020, 0x1061, 0x49c4, 0x49a4, 0x49a4, 0x4184, 0x3143, 0x2903, 0x20e3, 0x2103, 0x18a2, 0x0020, 0x0020, 0x0861, 0x0000, 0x0020, 0x3143, 0x41a4, 0x41a4, 0x2923, 0x0840, 0x0020, 0x0840, 0x1081, 0x18c2, 0x1061, 0x0020, 0x0861, 0x0861, 0x0841, 0x1082, 0x0861, 0x1082, 0x10a2, 0x10a2, 0x10a2, 0x0861, 0x0020, 0x1061, 0x18e3, 0x18e3, 0x18e3, 0x1061, 0x0020, 0x680d, 0xf81f, 0x2845, 0x1102, 0x0841,
    0xf81f, 0xf81f, 0xf81f, 0xf81f, 0xf81f, 0xf81f, 0xf81f, 0xf81f, 0xf81f, 0xf81f, 0xf81f, 0x3006, 0x0080, 0x4027, 0x580b, 0x1002, 0x0840, 0x3963, 0x49a4, 0x49c4, 0x4184, 0x3964, 0x3123, 0x20e3, 0x1061, 0x0020, 0x0000, 0x0820, 0x0861, 0x0841, 0x0020, 0x20c2, 0x3943, 0x3963, 0x4184, 0x3143, 0x3123, 0x3123, 0x2903, 0x20c2, 0x18a1, 0x0020, 0x0000, 0x0861, 0x1082, 0x10a2, 0x10a2, 0x0861, 0x10a2, 0x10a2, 0x10a2, 0x18c3, 0x0861, 0x0820, 0x18c3, 0x18e3, 0x2103, 0x1082, 0x0000, 0xf81f, 0xf81f, 0xf81f, 0x2064, 0x0020,
    0xf81f, 0xf81f, 0xf81f, 0xf81f, 0xf81f, 0xf81f, 0xf81f, 0xf81f, 0xf81f, 0xf81f, 0xf81f, 0xf81f, 0x700e, 0xf81f, 0xf81f, 0xf81f, 0x0801, 0x18c1, 0x3143, 0x3943, 0x2903, 0x2923, 0x2923, 0x20e3, 0x1061, 0x0000, 0x0020, 0x0861, 0x1081, 0x1082, 0x0020, 0x0841, 0x20c2, 0x3943, 0x41a4, 0x49c4, 0x51e5, 0x3943, 0x3123, 0x28e3, 0x1082, 0x1060, 0x0840, 0x0020, 0x1082, 0x10a2, 0x10a2, 0x0861, 0x0861, 0x10a2, 0x18a2, 0x18c3, 0x0861, 0x0820, 0x18c3, 0x20e3, 0x2104, 0x0080, 0x0000, 0xf81f, 0xf81f, 0xf81f, 0x602c, 0x1021,
    0xf81f, 0xf81f, 0xf81f, 0xf81f, 0xf81f, 0xf81f, 0xf81f, 0xf81f, 0xf81f, 0xf81f, 0xf81f, 0xf81f, 0xf81f, 0xf81f, 0xf81f, 0x680d, 0x1861, 0x0020, 0x10a2, 0x18a2, 0x18a2, 0x1081, 0x1081, 0x1081, 0x1061, 0x1040, 0x0820, 0x1082, 0x1082, 0x1082, 0x0841, 0x0000, 0x1081, 0x2923, 0x3143, 0x3143, 0x4184, 0x3143, 0x2903, 0x1081, 0x0841, 0x20a1, 0x30e1, 0x1881, 0x0861, 0x10a2, 0x10a2, 0x1082, 0x0020, 0x08a1, 0x18e3, 0x20e3, 0x0080, 0x0000, 0x10a2, 0x18e3, 0x10e2, 0x584b, 0xf81f, 0xf81f, 0xf81f, 0xf81f, 0xf81f, 0xf81f,
    0xf81f, 0xf81f, 0xf81f, 0xf81f, 0xf81f, 0xf81f, 0xf81f, 0xf81f, 0xf81f, 0xf81f, 0xf81f, 0xf81f, 0xf81f, 0xf81f, 0xf81f, 0x1803, 0x3100, 0x4942, 0x3922, 0x20c1, 0x18a1, 0x1880, 0x1880, 0x20a1, 0x30e1, 0x30e1, 0x0020, 0x0040, 0x1082, 0x1082, 0x1082, 0x0861, 0x0020, 0x1081, 0x18a2, 0x18a2, 0x20e2, 0x20e2, 0x1081, 0x1881, 0x28e1, 0x3902, 0x3902, 0x2081, 0x0841, 0x10a2, 0x10a2, 0x0861, 0x680d, 0x2845, 0x08c1, 0x10a1, 0x502a, 0x4808, 0x0040, 0x18e3, 0x08e1, 0xf81f, 0xf81f, 0xf81f, 0xf81f, 0xf81f, 0xf81f, 0xf81f,
    0xf81f, 0xf81f, 0xf81f, 0xf81f, 0xf81f, 0xf81f, 0xf81f, 0xf81f, 0xf81f, 0xf81f, 0xf81f, 0xf81f, 0xf81f, 0xf81f, 0xf81f, 0x2824, 0x20c0, 0x59a3, 0x6a03, 0x69e3, 0x61c3, 0x5982, 0x5163, 0x3902, 0x30e1, 0x20c1, 0x2024, 0x2825, 0x0080, 0x1082, 0x1082, 0x0080, 0x0000, 0x28a1, 0x20a1, 0x1060, 0x1881, 0x1881, 0x30e1, 0x61e3, 0x59a3, 0x3922, 0x2081, 0x0000, 0x0020, 0x1082, 0x10a2, 0x0020, 0xf81f, 0xf81f, 0x1843, 0x0020, 0xf81f, 0xf81f, 0x580b, 0x10c2, 0x00a0, 0xf81f, 0xf81f, 0xf81f, 0xf81f, 0xf81f, 0xf81f, 0xf81f,
    0xf81f, 0xf81f, 0xf81f, 0xf81f, 0xf81f, 0xf81f, 0xf81f, 0xf81f, 0xf81f, 0xf81f, 0xf81f, 0xf81f, 0xf81f, 0xf81f, 0xf81f, 0xf81f, 0x0000, 0x1881, 0x4142, 0x61c3, 0x59a3, 0x3901, 0x28c1, 0x2081, 0x1061, 0x0020, 0x680d, 0xf81f, 0x2044, 0x0080, 0x0861, 0x3847, 0x1802, 0x1060, 0x4962, 0x59a3, 0x61e3, 0x7224, 0x7224, 0x61c3, 0x3101, 0x1060, 0x0841, 0x1060, 0x0000, 0x1082, 0x0080, 0x500a, 0xf81f, 0xf81f, 0xf81f, 0xf81f, 0xf81f, 0xf81f, 0xf81f, 0x0040, 0x3847, 0xf81f, 0xf81f, 0xf81f, 0xf81f, 0xf81f, 0xf81f, 0xf81f,
    0xf81f, 0xf81f, 0xf81f, 0xf81f, 0xf81f, 0xf81f, 0xf81f, 0xf81f, 0xf81f, 0xf81f, 0xf81f, 0xf81f, 0xf81f, 0xf81f, 0xf81f, 0xf81f, 0x2004, 0x1080, 0x30e1, 0x28c1, 0x1881, 0x1881, 0x1881, 0x1061, 0x1080, 0x0821, 0xf81f, 0xf81f, 0xf81f, 0x1824, 0x0020, 0xf81f, 0xf81f, 0x1002, 0x1080, 0x28c1, 0x4962, 0x3902, 0x30e1, 0x28c1, 0x1060, 0x1061, 0x28c1, 0x1881, 0x0000, 0x0060, 0x3026, 0xf81f, 0xf81f, 0xf81f, 0xf81f, 0xf81f, 0xf81f, 0xf81f, 0xf81f, 0x2004, 0xf81f, 0xf81f, 0xf81f, 0xf81f, 0xf81f, 0xf81f, 0xf81f, 0xf81f,
    0xf81f, 0xf81f, 0xf81f, 0xf81f, 0xf81f, 0xf81f, 0xf81f, 0xf81f, 0xf81f, 0xf81f, 0xf81f, 0xf81f, 0xf81f, 0xf81f, 0xf81f, 0xf81f, 0x2024, 0x2921, 0x4963, 0x3922, 0x28c1, 0x28e2, 0x28c2, 0x28c1, 0x18a0, 0x2023, 0xf81f, 0xf81f, 0xf81f, 0xf81f, 0x4007, 0xf81f, 0xf81f, 0xf81f, 0x1803, 0x0020, 0x28c2, 0x1060, 0x1881, 0x28e1, 0x4142, 0x30e1, 0x28c1, 0x18a0, 0x1803, 0x8010, 0xf81f, 0xf81f, 0xf81f, 0xf81f, 0xf81f, 0xf81f, 0xf81f, 0xf81f, 0xf81f, 0xf81f, 0xf81f, 0xf81f, 0xf81f, 0xf81f, 0xf81f, 0xf81f, 0xf81f, 0xf81f,
    0xf81f, 0xf81f, 0xf81f, 0xf81f, 0xf81f, 0xf81f, 0xf81f, 0xf81f, 0xf81f, 0xf81f, 0xf81f, 0xf81f, 0xf81f, 0xf81f, 0xf81f, 0x9011, 0x0001, 0x28e1, 0x3102, 0x28c1, 0x4142, 0x28e2, 0x20a1, 0x20a1, 0x18a1, 0x0821, 0xf81f, 0xf81f, 0xf81f, 0xf81f, 0xf81f, 0xf81f, 0xf81f, 0xf81f, 0xf81f, 0xf81f, 0x20c1, 0x3922, 0x4142, 0x4142, 0x3922, 0x30e2, 0x28e1, 0x10a0, 0x3006, 0xf81f, 0xf81f, 0xf81f, 0xf81f, 0xf81f, 0xf81f, 0xf81f, 0xf81f, 0xf81f, 0xf81f, 0xf81f, 0xf81f, 0xf81f, 0xf81f, 0xf81f, 0xf81f, 0xf81f, 0xf81f, 0xf81f,
    0xf81f, 0xf81f, 0xf81f, 0xf81f, 0xf81f, 0xf81f, 0xf81f, 0xf81f, 0xf81f, 0xf81f, 0xf81f, 0xf81f, 0xf81f, 0xf81f, 0x1080, 0x1021, 0x3122, 0x4163, 0x4163, 0x3922, 0x30e2, 0x3922, 0x28e2, 0x28c1, 0x28e2, 0x08a0, 0x3808, 0xf81f, 0xf81f, 0xf81f, 0xf81f, 0xf81f, 0xf81f, 0xf81f, 0xf81f, 0xf81f, 0x0040, 0x20a1, 0x20a1, 0x20c1, 0x20c1, 0x18a1, 0x18a1, 0x20c1, 0x1041, 0x8811, 0xf81f, 0xf81f, 0xf81f, 0xf81f, 0xf81f, 0xf81f, 0xf81f, 0xf81f, 0xf81f, 0xf81f, 0xf81f, 0xf81f, 0xf81f, 0xf81f, 0xf81f, 0xf81f, 0xf81f, 0xf81f,
    0xf81f, 0xf81f, 0xf81f, 0xf81f, 0xf81f, 0xf81f, 0xf81f, 0xf81f, 0xf81f, 0xf81f, 0xf81f, 0xf81f, 0xf81f, 0xf81f, 0x3121, 0x49a3, 0x6204, 0x59c4, 0x51a3, 0x4163, 0x3922, 0x3102, 0x28e2, 0x28c2, 0x28e2, 0x1080, 0x1824, 0xf81f, 0xf81f, 0xf81f, 0xf81f, 0xf81f, 0xf81f, 0xf81f, 0xf81f, 0x604c, 0x0000, 0x20c1, 0x4963, 0x4963, 0x4963, 0x5183, 0x3942, 0x28c1, 0x10a0, 0x3806, 0xf81f, 0xf81f, 0xf81f, 0xf81f, 0xf81f, 0xf81f, 0xf81f, 0xf81f, 0xf81f, 0xf81f, 0xf81f, 0xf81f, 0xf81f, 0xf81f, 0xf81f, 0xf81f, 0xf81f, 0xf81f,
    0xf81f, 0xf81f, 0xf81f, 0xf81f, 0xf81f, 0xf81f, 0xf81f, 0xf81f, 0xf81f, 0xf81f, 0x1080, 0x1080, 0x1080, 0x0821, 0x3942, 0x6204, 0x59c3, 0x4983, 0x4143, 0x3922, 0x3102, 0x18a1, 0x0840, 0x1880, 0x1080, 0x1060, 0x1080, 0x1080, 0x1080, 0x1080, 0x1080, 0x1080, 0x1080, 0x1080, 0x1080, 0x2064, 0x1880, 0x51a3, 0x6204, 0x6204, 0x61e4, 0x61e3, 0x59c3, 0x3102, 0x1080, 0x1823, 0x1080, 0x1080, 0x1080, 0xf81f, 0xf81f, 0xf81f, 0xf81f, 0xf81f, 0xf81f, 0xf81f, 0xf81f, 0xf81f, 0xf81f, 0xf81f, 0xf81f, 0xf81f, 0xf81f, 0xf81f,
    0xf81f, 0xf81f, 0xf81f, 0xf81f, 0xf81f, 0xf81f, 0xf81f, 0xf81f, 0xf81f, 0xf81f, 0xf81f, 0x1080, 0x1080, 0x2063, 0x0880, 0x18e0, 0x18a0, 0x10a0, 0x20c1, 0x18a0, 0x0860, 0x1823, 0x1824, 0x2044, 0x2044, 0x1080, 0x1080, 0x1080, 0x1080, 0x1080, 0x1080, 0x1080, 0x1080, 0x1080, 0x1080, 0x1823, 0x1880, 0x4983, 0x51a3, 0x4983, 0x4983, 0x51a3, 0x4163, 0x2902, 0x0840, 0x1080, 0x1080, 0x1080, 0x1080, 0x1080, 0x1080, 0x1080, 0xf81f, 0xf81f, 0xf81f, 0xf81f, 0xf81f, 0xf81f, 0xf81f, 0xf81f, 0xf81f, 0xf81f, 0xf81f, 0xf81f,
    0xf81f, 0xf81f, 0xf81f, 0xf81f, 0xf81f, 0xf81f, 0xf81f, 0xf81f, 0xf81f, 0xf81f, 0xf81f, 0xf81f, 0x1080, 0x1080, 0x1080, 0x1080, 0x1080, 0x1080, 0x1080, 0x1080, 0x1080, 0x1080, 0x1080, 0x1080, 0x1080, 0x1080, 0x1080, 0x1080, 0x1080, 0x1080, 0x1080, 0x1080, 0x1080, 0x1080, 0x1080, 0x1080, 0x2864, 0x18a1, 0x1881, 0x18a1, 0x20c2, 0x18a1, 0x1081, 0x1862, 0x1080, 0x1080, 0x1080, 0x1080, 0xa875, 0xa895, 0xf81f, 0xf81f, 0xf81f, 0xf81f, 0xf81f, 0xf81f, 0xf81f, 0xf81f, 0xf81f, 0xf81f, 0xf81f, 0xf81f, 0xf81f, 0xf81f
};
const int rogue64x64_width  = 64;
const int rogue64x64_height = 64;

// wizard64x64  64 x 64  (RGB565)
const uint16_t WIZARD64X64[START_W * START_H] PROGMEM = {
         0xf81f, 0xf81f, 0xf81f, 0xf81f, 0xf81f, 0xf81f, 0xf81f, 0xf81f, 0xf81f, 0xf81f, 0xf81f, 0xf81f, 0xf81f, 0xf81f, 0xf81f, 0xf81f, 0xf81f, 0xf81f, 0xf81f, 0xf81f, 0xf81f, 0xf81f, 0xf81f, 0xf81f, 0xf81f, 0xf81f, 0xf81f, 0xf81f, 0xf81f, 0xf81f, 0xf81f, 0xf81f, 0xf81f, 0xf81f, 0xf81f, 0xf81f, 0xf81f, 0xf81f, 0xf81f, 0x680c, 0x1823, 0x1804, 0x1804, 0x1824, 0x1824, 0x1824, 0x2024, 0x1824, 0x3027, 0xf81f, 0xf81f, 0xf81f, 0xf81f, 0xf81f, 0xf81f, 0xf81f, 0xf81f, 0xf81f, 0xf81f, 0xf81f, 0xf81f, 0xf81f, 0xf81f, 0xf81f,
    0xf81f, 0xf81f, 0xf81f, 0xf81f, 0xf81f, 0xf81f, 0xf81f, 0xf81f, 0xf81f, 0xf81f, 0xf81f, 0xf81f, 0xf81f, 0xf81f, 0xf81f, 0xf81f, 0xf81f, 0xf81f, 0xf81f, 0xf81f, 0xf81f, 0xf81f, 0xf81f, 0xf81f, 0xf81f, 0xf81f, 0xf81f, 0xf81f, 0xf81f, 0xf81f, 0xf81f, 0xf81f, 0xf81f, 0xf81f, 0xf81f, 0xf81f, 0x7811, 0x1825, 0x1865, 0x212a, 0x29cd, 0x730b, 0x836a, 0x424f, 0x31ee, 0x29cd, 0x31ee, 0x29cd, 0x194b, 0x1868, 0x1823, 0x3026, 0xf81f, 0xf81f, 0xf81f, 0xf81f, 0xf81f, 0xf81f, 0xf81f, 0xf81f, 0xf81f, 0xf81f, 0xf81f, 0xf81f,
    0xf81f, 0xf81f, 0xf81f, 0xf81f, 0xf81f, 0xf81f, 0xf81f, 0xf81f, 0xf81f, 0xf81f, 0xf81f, 0xf81f, 0xf81f, 0xf81f, 0xf81f, 0xf81f, 0xf81f, 0xf81f, 0xf81f, 0xf81f, 0xf81f, 0xf81f, 0xf81f, 0xf81f, 0xf81f, 0xf81f, 0xf81f, 0xf81f, 0xf81f, 0xf81f, 0xf81f, 0xf81f, 0xf81f, 0xf81f, 0x780f, 0x2884, 0x6ac4, 0x5acb, 0x21af, 0x31ee, 0x3a30, 0x9beb, 0x938a, 0x4270, 0x320f, 0x3a0f, 0x31ef, 0x218f, 0x6aca, 0x5a88, 0x110b, 0x2149, 0x18a6, 0x582b, 0xf81f, 0xf81f, 0xf81f, 0xf81f, 0xf81f, 0xf81f, 0xf81f, 0xf81f, 0xf81f, 0xf81f,
    0xf81f, 0xf81f, 0xf81f, 0xf81f, 0xf81f, 0xf81f, 0xf81f, 0xf81f, 0xf81f, 0xf81f, 0xf81f, 0xf81f, 0xf81f, 0xf81f, 0xf81f, 0xf81f, 0xf81f, 0xf81f, 0xf81f, 0xf81f, 0xf81f, 0xf81f, 0xf81f, 0xf81f, 0xf81f, 0xf81f, 0xf81f, 0xf81f, 0xf81f, 0xf81f, 0xf81f, 0xf81f, 0xf81f, 0x602a, 0x72a2, 0x9be2, 0xdd24, 0xd507, 0x7b2c, 0x31f0, 0x3a10, 0x3a51, 0x3210, 0x31ef, 0x320f, 0x31ef, 0x4a4d, 0x9367, 0xcc64, 0xc485, 0x9387, 0x41eb, 0x298c, 0x0926, 0x3047, 0xb015, 0xf81f, 0xf81f, 0xf81f, 0xf81f, 0xf81f, 0xf81f, 0xf81f, 0xf81f,
    0xf81f, 0xf81f, 0xf81f, 0xf81f, 0xf81f, 0xf81f, 0xf81f, 0xf81f, 0xf81f, 0xf81f, 0xf81f, 0xf81f, 0xf81f, 0xf81f, 0xf81f, 0xf81f, 0xf81f, 0xf81f, 0xf81f, 0xf81f, 0xf81f, 0xf81f, 0xf81f, 0xf81f, 0xf81f, 0xf81f, 0xf81f, 0xf81f, 0xf81f, 0xf81f, 0xf81f, 0x780e, 0x3068, 0x0946, 0xac28, 0xe545, 0xed24, 0xbc67, 0x6b0d, 0x31f0, 0x3a0f, 0x39ef, 0x29b0, 0x31ef, 0x31ce, 0x29ad, 0x422d, 0x8348, 0xbc25, 0xc464, 0x8348, 0x41ec, 0x298c, 0x29ad, 0x0927, 0x3869, 0x780f, 0xa014, 0xf81f, 0xf81f, 0xf81f, 0xf81f, 0xf81f, 0xf81f,
    0xf81f, 0xf81f, 0xf81f, 0xf81f, 0xf81f, 0xf81f, 0xf81f, 0xf81f, 0xf81f, 0xf81f, 0xf81f, 0xf81f, 0xf81f, 0xf81f, 0xf81f, 0xf81f, 0xf81f, 0xf81f, 0xf81f, 0xf81f, 0xf81f, 0xf81f, 0xf81f, 0xf81f, 0xf81f, 0xf81f, 0xf81f, 0xf81f, 0xf81f, 0xf81f, 0x580c, 0x00c6, 0x196a, 0x3230, 0x732d, 0x6b0e, 0x7b2c, 0x5a8d, 0x29d0, 0x3a30, 0x3a10, 0x31f0, 0x832a, 0x4a4e, 0x218c, 0x2129, 0x214a, 0x114d, 0x5229, 0x7224, 0x18e9, 0x212a, 0x29ab, 0x4a0a, 0x39ec, 0x1949, 0x00c3, 0x2066, 0x700d, 0xf81f, 0xf81f, 0xf81f, 0xf81f, 0xf81f,
    0xf81f, 0xf81f, 0xf81f, 0xf81f, 0xf81f, 0xf81f, 0xf81f, 0xf81f, 0xf81f, 0xf81f, 0xf81f, 0xf81f, 0xf81f, 0xf81f, 0xf81f, 0xf81f, 0xf81f, 0xf81f, 0xf81f, 0xf81f, 0xf81f, 0xf81f, 0xf81f, 0xf81f, 0xf81f, 0xf81f, 0xf81f, 0xf81f, 0xf81f, 0x5048, 0x31e3, 0x8b4a, 0x3a10, 0x3a0f, 0x31f0, 0x31f0, 0x31f0, 0x31f0, 0x3a0f, 0x3a0f, 0x3a0f, 0x7b4a, 0xe504, 0x7b09, 0x110b, 0x18e9, 0x18e7, 0x1908, 0x18e7, 0x2904, 0x18e5, 0x10a5, 0x2149, 0x3187, 0x2969, 0x3169, 0x318a, 0x216a, 0x0904, 0x3087, 0xf81f, 0xf81f, 0xf81f, 0xf81f,
    0xf81f, 0xf81f, 0xf81f, 0xf81f, 0xf81f, 0xf81f, 0xf81f, 0xf81f, 0xf81f, 0xf81f, 0xf81f, 0xf81f, 0xf81f, 0xf81f, 0xf81f, 0xf81f, 0xf81f, 0xf81f, 0xf81f, 0xf81f, 0xf81f, 0xf81f, 0xf81f, 0xf81f, 0xf81f, 0xf81f, 0xf81f, 0xf81f, 0x3007, 0x1987, 0x7b29, 0x7b0c, 0x3a30, 0x3a10, 0x31ef, 0x31ef, 0x3a0f, 0x3a0f, 0x3a10, 0x424e, 0x8b88, 0xdce4, 0xe523, 0xbc44, 0x9325, 0x49c8, 0x10e8, 0x10a4, 0x10a4, 0x10c5, 0x0882, 0x0020, 0x0042, 0x08a5, 0x10e7, 0x2107, 0x2128, 0x296b, 0x2128, 0x0040, 0x4008, 0xf81f, 0xf81f, 0xf81f,
    0xf81f, 0xf81f, 0xf81f, 0xf81f, 0xf81f, 0xf81f, 0xf81f, 0xf81f, 0xf81f, 0xf81f, 0xf81f, 0xf81f, 0xf81f, 0xf81f, 0xf81f, 0xf81f, 0xf81f, 0xf81f, 0xf81f, 0xf81f, 0xf81f, 0xf81f, 0xf81f, 0xf81f, 0xf81f, 0xf81f, 0xf81f, 0x2025, 0x0906, 0x39ee, 0x41ed, 0x29d0, 0x29f0, 0x31f0, 0xac07, 0x4a4d, 0x29d1, 0x3210, 0x3a0f, 0x31ef, 0x320e, 0xbc06, 0xabc5, 0xbbe4, 0x5228, 0x2949, 0x1907, 0x18c5, 0x1084, 0x0060, 0x680d, 0xf81f, 0xf81f, 0x582b, 0x1843, 0x0021, 0x0021, 0x0041, 0x2025, 0xa815, 0xf81f, 0xf81f, 0xf81f, 0xf81f,
    0xf81f, 0xf81f, 0xf81f, 0xf81f, 0xf81f, 0xf81f, 0xf81f, 0xf81f, 0xf81f, 0xf81f, 0xf81f, 0xf81f, 0xf81f, 0xf81f, 0xf81f, 0xf81f, 0xf81f, 0xf81f, 0xf81f, 0xf81f, 0xf81f, 0xf81f, 0xf81f, 0xf81f, 0xf81f, 0xf81f, 0x704b, 0x1943, 0x31ef, 0x29ad, 0x216c, 0x31cc, 0x62cc, 0x732a, 0xe504, 0x7b2b, 0x62ec, 0x4a6d, 0x31ef, 0x31ed, 0x29ad, 0x5a49, 0x214b, 0x7287, 0x41c8, 0x10e8, 0x10c5, 0x18e6, 0x00a3, 0x5009, 0xf81f, 0xf81f, 0xf81f, 0xf81f, 0xf81f, 0x582b, 0x582b, 0x582b, 0xf81f, 0xf81f, 0xf81f, 0xf81f, 0xf81f, 0xf81f,
    0xf81f, 0xf81f, 0xf81f, 0xf81f, 0xf81f, 0xf81f, 0xf81f, 0xf81f, 0xf81f, 0xf81f, 0xf81f, 0xf81f, 0xf81f, 0xf81f, 0xf81f, 0xf81f, 0xf81f, 0xf81f, 0xf81f, 0xf81f, 0xf81f, 0xf81f, 0xf81f, 0xf81f, 0xf81f, 0x580d, 0x31a1, 0x9baa, 0x4270, 0x3a30, 0x3a30, 0x3a2f, 0x93a8, 0xdce4, 0xe524, 0xdd03, 0x9bc7, 0x4a2d, 0x31ef, 0x3a0f, 0x29ad, 0x194c, 0x216c, 0x194a, 0x2129, 0x2107, 0x20e5, 0x18e6, 0x0082, 0xf81f, 0xf81f, 0xf81f, 0xf81f, 0xf81f, 0xf81f, 0xf81f, 0xf81f, 0xf81f, 0xf81f, 0xf81f, 0xf81f, 0xf81f, 0xf81f, 0xf81f,
    0xf81f, 0xf81f, 0xf81f, 0xf81f, 0xf81f, 0xf81f, 0xf81f, 0xf81f, 0xf81f, 0xf81f, 0xf81f, 0xf81f, 0xf81f, 0xf81f, 0xf81f, 0xf81f, 0xf81f, 0xf81f, 0xf81f, 0xf81f, 0xf81f, 0xf81f, 0xf81f, 0xf81f, 0x600b, 0x0063, 0x524b, 0x9389, 0x3a2e, 0x31ce, 0x31ee, 0x29ce, 0x31ee, 0xbc05, 0xabe6, 0xcc64, 0x420d, 0x29cf, 0x31ee, 0x3a0e, 0x4a2d, 0x49ea, 0x298c, 0x214a, 0x10e9, 0x3987, 0x8284, 0x1906, 0x0082, 0xf81f, 0xf81f, 0xf81f, 0xf81f, 0xf81f, 0xf81f, 0xf81f, 0xf81f, 0xf81f, 0xf81f, 0xf81f, 0xf81f, 0xf81f, 0xf81f, 0xf81f,
    0xf81f, 0xf81f, 0xf81f, 0xf81f, 0xf81f, 0xf81f, 0xf81f, 0xf81f, 0xf81f, 0xf81f, 0xf81f, 0xf81f, 0xf81f, 0xf81f, 0xf81f, 0xf81f, 0xf81f, 0xf81f, 0xf81f, 0xf81f, 0xf81f, 0xf81f, 0xf81f, 0xf81f, 0x0822, 0x0885, 0x2128, 0x2948, 0x1929, 0x1907, 0x1908, 0x214a, 0x3189, 0x49e7, 0x194c, 0x82e8, 0x4a2c, 0x298d, 0x216d, 0x4a2b, 0xb405, 0x7b09, 0x298c, 0x2129, 0x4187, 0x6225, 0x9b02, 0x51e5, 0x18e6, 0x0841, 0xf81f, 0xf81f, 0xf81f, 0xf81f, 0xf81f, 0xf81f, 0xf81f, 0xf81f, 0xf81f, 0xf81f, 0xf81f, 0xf81f, 0xf81f, 0xf81f,
    0xf81f, 0xf81f, 0xf81f, 0xf81f, 0xf81f, 0xf81f, 0xf81f, 0xf81f, 0xf81f, 0xf81f, 0xf81f, 0xf81f, 0xf81f, 0xf81f, 0xf81f, 0xf81f, 0xf81f, 0xf81f, 0x580d, 0x1005, 0x2007, 0x3886, 0x48c5, 0x20a1, 0x31c9, 0x4a4d, 0x31ac, 0x194d, 0x218e, 0x218f, 0x21af, 0x29d0, 0x31ef, 0x216b, 0x1908, 0x10e8, 0x18e8, 0x1909, 0x2129, 0x2149, 0x420c, 0x29ad, 0x298c, 0x192a, 0x6a26, 0xa302, 0x92e3, 0x7243, 0x4984, 0x0040, 0xf81f, 0xf81f, 0xf81f, 0xf81f, 0xf81f, 0xf81f, 0xf81f, 0xf81f, 0xf81f, 0xf81f, 0xf81f, 0xf81f, 0xf81f, 0xf81f,
    0xf81f, 0xf81f, 0xf81f, 0xf81f, 0xf81f, 0xf81f, 0xf81f, 0xf81f, 0xf81f, 0xf81f, 0xf81f, 0xf81f, 0xf81f, 0xf81f, 0xf81f, 0x580d, 0x580b, 0x6146, 0x72a4, 0x5262, 0x4228, 0x62c8, 0x93c6, 0x8b86, 0x8b87, 0x93c7, 0x93aa, 0x7b4d, 0x838d, 0x83ae, 0x838d, 0x62cc, 0x29d1, 0x29f2, 0x29af, 0x298d, 0x524a, 0x62ca, 0x298b, 0x214b, 0x10c6, 0x10c6, 0x2128, 0x2129, 0x2128, 0x59c4, 0x7264, 0x51c5, 0x10e6, 0x10c4, 0x1002, 0xf81f, 0xf81f, 0xf81f, 0xf81f, 0xf81f, 0xf81f, 0xf81f, 0xf81f, 0xf81f, 0xf81f, 0xf81f, 0xf81f, 0xf81f,
    0xf81f, 0xf81f, 0xf81f, 0xf81f, 0xf81f, 0xf81f, 0xf81f, 0xf81f, 0xf81f, 0xf81f, 0xf81f, 0xf81f, 0xf81f, 0xb017, 0x50c7, 0x6aa0, 0x6a81, 0x72e4, 0x8343, 0x8323, 0x7262, 0x3124, 0x10c7, 0x10c6, 0x0023, 0x0003, 0x2902, 0x7ac1, 0x7ac2, 0x72c2, 0x9ba3, 0xe546, 0xa42a, 0xa42a, 0x9bca, 0x31f0, 0x5a6d, 0x8b49, 0x4a2f, 0x298d, 0x214a, 0x2129, 0x1907, 0x18e6, 0x0884, 0x18c4, 0x10c5, 0x2106, 0x18e6, 0x18e5, 0x0040, 0x600c, 0xf81f, 0xf81f, 0xf81f, 0xf81f, 0xf81f, 0xf81f, 0xf81f, 0xf81f, 0xf81f, 0xf81f, 0xf81f, 0xf81f,
    0xf81f, 0xf81f, 0xf81f, 0xf81f, 0xf81f, 0xf81f, 0xf81f, 0xf81f, 0xf81f, 0xf81f, 0xf81f, 0xf81f, 0xa014, 0x5164, 0x9381, 0xabc4, 0x41a5, 0x0885, 0x0044, 0x0024, 0x0023, 0x0021, 0x0842, 0x1062, 0x28a0, 0x28a0, 0x2060, 0x0800, 0x0820, 0x0820, 0x20a1, 0x5a22, 0x6241, 0x6241, 0xdd04, 0xbca9, 0xac09, 0x6aca, 0x296e, 0x31ce, 0x31cf, 0x31ae, 0x216c, 0x2129, 0x2128, 0x18e7, 0x10c6, 0x10c6, 0x18c6, 0x18e6, 0x10e5, 0x1864, 0x500a, 0xf81f, 0xf81f, 0xf81f, 0xf81f, 0xf81f, 0xf81f, 0xf81f, 0xf81f, 0xf81f, 0xf81f, 0xf81f,
    0xf81f, 0xf81f, 0xf81f, 0xf81f, 0xf81f, 0xf81f, 0xf81f, 0xf81f, 0xf81f, 0xf81f, 0xf81f, 0xf81f, 0x500c, 0x2980, 0x7264, 0x18e6, 0x0886, 0x10c5, 0x10c5, 0x10c5, 0x1084, 0x0842, 0x0000, 0x2080, 0x4941, 0x5982, 0x61a2, 0x5142, 0x4922, 0x38e1, 0x30c1, 0x2061, 0x2061, 0x1020, 0x2901, 0x4181, 0x3960, 0x8b03, 0xbc46, 0xbc66, 0xbc46, 0x41ea, 0x296c, 0x31ac, 0x31ad, 0x298c, 0x2129, 0x10e8, 0x3146, 0x49a6, 0x2948, 0x20e3, 0x2100, 0x2044, 0x8811, 0xf81f, 0xf81f, 0xf81f, 0xf81f, 0xf81f, 0xf81f, 0xf81f, 0xf81f, 0xf81f,
    0xf81f, 0xf81f, 0xf81f, 0xf81f, 0xf81f, 0xf81f, 0xa035, 0xf81f, 0xf81f, 0xf81f, 0xf81f, 0xf81f, 0xf81f, 0x20e0, 0x3142, 0x08a6, 0x18c6, 0x10c6, 0x10a5, 0x10a5, 0x10a5, 0x0863, 0x20a1, 0x5962, 0x7a03, 0x8223, 0x7a03, 0x6182, 0x4101, 0x4962, 0x61a2, 0x4922, 0x6182, 0x4941, 0x0800, 0x1020, 0x2881, 0x30e0, 0x3100, 0x4180, 0xaba3, 0xcc64, 0xcca5, 0xc404, 0x6269, 0x214b, 0x2949, 0x2149, 0x2128, 0x2948, 0x51c6, 0x51a4, 0x8263, 0x39c4, 0x10a5, 0x1824, 0x600c, 0xf81f, 0xf81f, 0xf81f, 0xf81f, 0xf81f, 0xf81f, 0xf81f,
    0xf81f, 0xf81f, 0xf81f, 0xf81f, 0x5a61, 0xe625, 0x6aa3, 0x702d, 0xf81f, 0xf81f, 0xf81f, 0xf81f, 0xf81f, 0xf81f, 0x3084, 0x3981, 0x4185, 0x10c7, 0x10a6, 0x10a6, 0x0042, 0x30e1, 0x5162, 0x71e2, 0x9284, 0x8223, 0x5982, 0x1860, 0x1040, 0x8223, 0x8a63, 0x69e3, 0x4942, 0x28a1, 0x3901, 0x28c1, 0x4921, 0x5962, 0x40e1, 0x1860, 0x2080, 0x41a2, 0x49c3, 0x41a5, 0x9b65, 0xbbe4, 0xbbe4, 0xb3a3, 0x7265, 0x08c9, 0x10e9, 0x2128, 0x4186, 0x3967, 0x10e7, 0x1106, 0x18c6, 0x2064, 0x680d, 0xf81f, 0xf81f, 0xf81f, 0xf81f, 0xe81d,
    0xf81f, 0xf81f, 0xf81f, 0x7811, 0x41e0, 0xed85, 0xcce4, 0x3940, 0x3826, 0x582a, 0x480a, 0xf81f, 0xf81f, 0xf81f, 0xf81f, 0x28a2, 0x2100, 0x51a4, 0x49a3, 0x20e6, 0x0022, 0x28c0, 0x5142, 0x69a2, 0x71c3, 0x4922, 0x1861, 0x61a3, 0x6182, 0x4121, 0x8a43, 0x61a2, 0x1040, 0x61a3, 0xbb46, 0x4102, 0x30a1, 0x4101, 0x5162, 0x4942, 0x4101, 0x2081, 0x1040, 0x0801, 0x3101, 0x51c1, 0x49a1, 0x6244, 0x7aa6, 0x8ae6, 0x9305, 0x7aa4, 0x7244, 0x59e4, 0x2906, 0x10c8, 0x10e7, 0x08c5, 0x2100, 0x48e4, 0x780f, 0xf81f, 0xf81f, 0xe81d,
    0xf81f, 0xf81f, 0xf81f, 0x50c6, 0x9b62, 0xd4a4, 0xb3a2, 0x71c0, 0x9300, 0x9ba0, 0x6ae0, 0x50a6, 0x600d, 0xf81f, 0xf81f, 0xf81f, 0x602c, 0x30e1, 0x3902, 0x2122, 0x0040, 0x2080, 0x4122, 0x61a3, 0x4101, 0x0820, 0x1860, 0x9264, 0xb305, 0x6a04, 0x4101, 0x4921, 0x61a3, 0xdbe7, 0xdc28, 0xb346, 0x69a3, 0x30a1, 0x2081, 0x28a1, 0x5162, 0x5982, 0x5162, 0x30c1, 0x1840, 0x0000, 0x0000, 0x0022, 0x20e3, 0x51a1, 0x6a23, 0x6225, 0x5a05, 0x7244, 0x7224, 0x6a44, 0x6a44, 0x59e4, 0x7a63, 0x7282, 0x3160, 0x4008, 0xf81f, 0xe83d,
    0xf81f, 0xf81f, 0x28c2, 0x9381, 0xed24, 0x8aa0, 0x4aca, 0x534d, 0x3aac, 0x6ae8, 0xbc04, 0xac02, 0x4160, 0x4007, 0xf81f, 0xf81f, 0xf81f, 0xf81f, 0xf81f, 0x684c, 0x1803, 0x1060, 0x30e1, 0x69a3, 0x20a1, 0x28c1, 0x4101, 0x1040, 0x4122, 0x8a85, 0x5142, 0x38e1, 0xd3e7, 0xe448, 0xbb86, 0x9ae5, 0x3902, 0x1820, 0x40e1, 0x5982, 0x1860, 0x4121, 0x5982, 0x3901, 0x30e1, 0x4962, 0x3902, 0x2080, 0x2080, 0x0820, 0x0821, 0x0001, 0x0001, 0x0863, 0x3122, 0x61e1, 0x51a1, 0x5181, 0x3102, 0x3962, 0x2980, 0x2825, 0xf81f, 0x2589,
    0xf81f, 0x48c6, 0x93a1, 0xe503, 0x82e2, 0x2a4b, 0xa6de, 0xc7df, 0x663f, 0x2377, 0x29cb, 0x9b23, 0xbbe3, 0x3120, 0x780f, 0xf81f, 0xf81f, 0xf81f, 0xf81f, 0xf81f, 0x500a, 0x0840, 0x1080, 0x28e0, 0x1040, 0x30c1, 0x5962, 0x30e2, 0x0020, 0x1880, 0x8a64, 0xab47, 0xe489, 0xc3e8, 0x38c1, 0x0000, 0x0000, 0x2104, 0x41a5, 0x69c3, 0x71e3, 0x1860, 0x4101, 0x2081, 0x4942, 0xc366, 0xc3a7, 0x2081, 0x28c1, 0x3901, 0x28c1, 0x1040, 0x0000, 0x0000, 0x0021, 0x0022, 0x0042, 0x0062, 0x0080, 0x1845, 0x680e, 0xf81f, 0xf81f, 0xf81f,
    0x500c, 0x6ac0, 0xfda5, 0xdd03, 0x1904, 0x457e, 0xe7bf, 0xdf7f, 0x4d3c, 0x343a, 0x1253, 0x3144, 0xbbc3, 0x8ae2, 0x0040, 0xf81f, 0xf81f, 0xf81f, 0xf81f, 0xf81f, 0xf81f, 0x702c, 0x804f, 0x2825, 0x18a0, 0x0000, 0x5183, 0xbbaa, 0x0021, 0x0820, 0x92a5, 0xe469, 0xdc69, 0xd469, 0xa326, 0x28c2, 0x0000, 0x8c30, 0xa4d1, 0x61a2, 0xdc49, 0x5962, 0x4921, 0x0820, 0x4901, 0x9aa4, 0xecca, 0x20a1, 0x30c1, 0x4122, 0x30e1, 0x28a1, 0x20a1, 0x10a3, 0x0883, 0x00a2, 0x00a1, 0x1884, 0x680c, 0xf81f, 0xf81f, 0xf81f, 0xf81f, 0xf81f,
    0x500c, 0x72a0, 0xe4e4, 0xaba3, 0x08c4, 0x2c3b, 0x3bf9, 0x3bb8, 0x2252, 0x19cf, 0x1a94, 0x2147, 0x92a1, 0x8ae2, 0x0840, 0xf81f, 0xf81f, 0xf81f, 0xf81f, 0xf81f, 0xf81f, 0xf81f, 0xf81f, 0xb036, 0x1842, 0x0820, 0x59c4, 0xdd0e, 0x0042, 0x20e3, 0xed0c, 0xed0b, 0xed2c, 0xf56d, 0xfdce, 0x3964, 0x0000, 0x9d15, 0xff5a, 0xe468, 0xdc48, 0xb326, 0x4921, 0x3901, 0xa306, 0xc3a6, 0x9b26, 0x1881, 0x30c1, 0x4121, 0x4122, 0x30e1, 0x1880, 0x0040, 0x2024, 0x682d, 0xa834, 0xf81f, 0xf81f, 0xf81f, 0xf81f, 0xf81f, 0xf81f, 0xf81f,
    0x500b, 0x49e0, 0xc424, 0xab83, 0x2104, 0x1274, 0x1ab5, 0x116d, 0x196c, 0x2252, 0x1ab5, 0x41a5, 0xa2e2, 0x6200, 0x0020, 0xf81f, 0xf81f, 0xf81f, 0xf81f, 0xf81f, 0xf81f, 0xf81f, 0xf81f, 0xd019, 0x2824, 0x0020, 0x7aa6, 0xf5af, 0x4a07, 0x6288, 0xf58e, 0xf5ae, 0xf58e, 0xf58d, 0xf5ce, 0x6ac8, 0x3964, 0xad33, 0xff18, 0xf54c, 0xd428, 0xbba7, 0x8224, 0x79e3, 0xb3a8, 0xa367, 0x1040, 0x2080, 0x38e1, 0x38e1, 0x30e1, 0x3901, 0x1860, 0x2004, 0xa815, 0xf81f, 0xf81f, 0xf81f, 0xf81f, 0xf81f, 0xf81f, 0xf81f, 0xf81f, 0xf81f,
    0xf81f, 0x3101, 0x8ae2, 0xc3e3, 0x82a2, 0x2926, 0x2a72, 0x11ae, 0x19cf, 0x2272, 0x1969, 0x8a61, 0x8aa2, 0x38a2, 0xf81f, 0xf81f, 0xf81f, 0xf81f, 0xf81f, 0xf81f, 0xf81f, 0xf81f, 0xf81f, 0x3025, 0x20a0, 0x0820, 0x8b27, 0xfdad, 0xfdce, 0xf58d, 0xf58d, 0xfdce, 0xf5ce, 0xf5ae, 0xf58d, 0xf5ae, 0xfdce, 0xf58d, 0xed4c, 0xeceb, 0xe48a, 0xbb87, 0x8224, 0x1860, 0x0000, 0x1860, 0x30c1, 0x28a0, 0x28a0, 0x28a1, 0x1040, 0x28a0, 0x0020, 0xf81f, 0xf81f, 0xf81f, 0xf81f, 0xf81f, 0xf81f, 0xf81f, 0xf81f, 0xf81f, 0xf81f, 0xf81f,
    0xf81f, 0x7810, 0x2901, 0x7261, 0xbba3, 0xbba3, 0x59c2, 0x20e2, 0x1082, 0x20a1, 0x7a62, 0x92a3, 0x3100, 0x4028, 0xf81f, 0xf81f, 0xf81f, 0xf81f, 0xf81f, 0xf81f, 0xf81f, 0xf81f, 0x7810, 0x0060, 0x4142, 0x20a1, 0x30e1, 0xbbc7, 0xf58d, 0xfdad, 0xed4c, 0xcc8a, 0xdceb, 0xe52c, 0xed8e, 0xf58d, 0xf58d, 0xf58d, 0xf54c, 0xd429, 0x9aa5, 0x5162, 0x0820, 0x4942, 0x28c1, 0x28a1, 0x30c1, 0x1041, 0x1882, 0x10a5, 0x0885, 0x0021, 0x0020, 0xf81f, 0xf81f, 0xf81f, 0xf81f, 0xf81f, 0xf81f, 0xf81f, 0xf81f, 0xf81f, 0xf81f, 0xf81f,
    0xf81f, 0xf81f, 0x700f, 0x18a1, 0x59c1, 0x8262, 0x92c2, 0xa343, 0x8aa3, 0x7a22, 0x8282, 0x4961, 0x4121, 0x1861, 0xf81f, 0xf81f, 0xf81f, 0xf81f, 0xf81f, 0xf81f, 0xf81f, 0xf81f, 0x580b, 0x0042, 0x20a2, 0x4122, 0x28c1, 0x2081, 0x8264, 0xc429, 0xc429, 0x7245, 0xbb26, 0xcbc8, 0xfdce, 0xf56c, 0xe4eb, 0xbba8, 0x9ac6, 0x69c4, 0x0820, 0x0000, 0x3921, 0x61c3, 0x3901, 0x1040, 0x0043, 0x110a, 0x214b, 0x31aa, 0x5206, 0x49a6, 0x3964, 0x1080, 0x602b, 0xf81f, 0xf81f, 0xf81f, 0xf81f, 0xf81f, 0xf81f, 0xf81f, 0xf81f, 0xf81f,
    0xf81f, 0xf81f, 0xf81f, 0xf81f, 0x680d, 0x0040, 0x28e0, 0x4121, 0x8a82, 0x9b03, 0x8a82, 0x7a42, 0x61c1, 0x1060, 0xf81f, 0xf81f, 0xf81f, 0xf81f, 0xf81f, 0xf81f, 0xf81f, 0x580a, 0x0061, 0x41c8, 0x3125, 0x1884, 0x28e3, 0x08a5, 0x0022, 0x1840, 0x5182, 0x9347, 0x8b07, 0x8307, 0x8b07, 0x7a64, 0x61a3, 0x1882, 0x1861, 0x1040, 0x0885, 0x1907, 0x4142, 0x2080, 0x18a4, 0x110b, 0x31cc, 0x8b68, 0x72e9, 0x296a, 0x6222, 0x51a1, 0x3902, 0x3143, 0x0080, 0xf81f, 0xf81f, 0xf81f, 0xf81f, 0xf81f, 0xf81f, 0xf81f, 0xf81f, 0xf81f,
    0xf81f, 0xf81f, 0xf81f, 0xf81f, 0xc819, 0x8812, 0x4028, 0x3120, 0x92e2, 0x92e2, 0x92a2, 0x7222, 0x1880, 0xf81f, 0xf81f, 0xf81f, 0xf81f, 0xf81f, 0xf81f, 0xf81f, 0xf81f, 0x680d, 0x0040, 0x3123, 0x7285, 0x49c7, 0x10c9, 0x10ea, 0x3167, 0x6a02, 0x0000, 0x0000, 0x1061, 0x2080, 0x1860, 0x0863, 0x0001, 0x28e0, 0x7263, 0x20e4, 0x29ac, 0x31ee, 0x10e8, 0x00c9, 0x62ab, 0xa3ea, 0x8348, 0x7283, 0x51c1, 0x0884, 0x0043, 0x0043, 0x0022, 0x0061, 0x0020, 0xf81f, 0xf81f, 0xf81f, 0xf81f, 0xf81f, 0xf81f, 0xf81f, 0xf81f, 0xf81f,
    0xf81f, 0xf81f, 0xf81f, 0xf81f, 0xf81f, 0xf81f, 0x702e, 0x3140, 0x8ac2, 0x9b03, 0x7222, 0x5161, 0x1080, 0xf81f, 0xf81f, 0xf81f, 0xf81f, 0xf81f, 0xf81f, 0xf81f, 0xf81f, 0x700e, 0x0020, 0x0044, 0x28c0, 0x51c3, 0x7266, 0x82e5, 0x6a44, 0x7a83, 0x59c3, 0x0863, 0x3147, 0x4165, 0x3966, 0x10c6, 0x49a3, 0xc3e3, 0x9344, 0x0044, 0x39ed, 0x7b2a, 0x9be9, 0xa409, 0x7b08, 0x6243, 0x4181, 0x0045, 0x0065, 0x2108, 0x29ac, 0x39ca, 0x41c7, 0x10a7, 0x0061, 0xf81f, 0xf81f, 0xf81f, 0xf81f, 0xf81f, 0xf81f, 0xf81f, 0xf81f, 0xf81f,
    0xf81f, 0xf81f, 0xf81f, 0xf81f, 0xf81f, 0xf81f, 0xf81f, 0x3007, 0x0820, 0x4141, 0x8a63, 0x8a43, 0x28c0, 0x2005, 0xf81f, 0xf81f, 0xf81f, 0xf81f, 0xf81f, 0xf81f, 0x680e, 0x4101, 0x51c3, 0x1908, 0x10a5, 0x18a3, 0x28c0, 0x28e1, 0x18a1, 0x4981, 0xcc23, 0x7aa3, 0x08a6, 0x216a, 0x1907, 0x0885, 0x8b04, 0xbbc3, 0x20c2, 0x0065, 0x0863, 0x20e1, 0x3962, 0x4161, 0x1082, 0x0003, 0x10a6, 0x31ce, 0x31ee, 0x31cd, 0x218e, 0x4a2c, 0xcc85, 0x4a2a, 0x10e9, 0x1864, 0xf81f, 0xf81f, 0xf81f, 0xf81f, 0xf81f, 0xf81f, 0xf81f, 0xf81f,
    0xf81f, 0xf81f, 0xf81f, 0xf81f, 0xf81f, 0xf81f, 0xf81f, 0xf81f, 0x0001, 0x2900, 0x9283, 0x9ac4, 0x69e2, 0x1080, 0xf81f, 0xf81f, 0xf81f, 0xf81f, 0xf81f, 0x4809, 0x1866, 0x5a44, 0xb384, 0x6a46, 0x1907, 0x0043, 0x3102, 0x5a46, 0x08ec, 0x5a68, 0xf543, 0xb405, 0x0885, 0x2149, 0x2107, 0xabe5, 0xdcc4, 0x7aa4, 0x0888, 0x216c, 0x194a, 0x7264, 0x2107, 0x08c8, 0x10a6, 0x18c5, 0x2969, 0x31ee, 0x31ee, 0x31ed, 0x9367, 0xabe5, 0xdce3, 0xbc25, 0x9b45, 0x49e3, 0x1065, 0xf81f, 0xf81f, 0xf81f, 0xf81f, 0xf81f, 0xf81f, 0xf81f,
    0xf81f, 0xf81f, 0xf81f, 0xf81f, 0xf81f, 0xf81f, 0xf81f, 0xf81f, 0xf81f, 0x4085, 0x61e1, 0x9ac4, 0x7a23, 0x20a0, 0x2005, 0x4027, 0x4065, 0x3825, 0x2888, 0x1148, 0x1929, 0x2946, 0x6245, 0x5207, 0x0865, 0x1881, 0x82a2, 0xbc05, 0x6aab, 0x4a2c, 0xac06, 0xd506, 0x39a6, 0x194a, 0x216a, 0xcca5, 0xc485, 0x4a09, 0x216d, 0x424c, 0x7b29, 0xc405, 0x6a67, 0x51e7, 0x18c5, 0x10a4, 0x2128, 0x2129, 0x216a, 0x31ce, 0x6acb, 0xbc45, 0xdce3, 0xdca2, 0x82c5, 0x318a, 0x1127, 0x1064, 0xa014, 0xf81f, 0xf81f, 0xf81f, 0xf81f, 0xf81f,
    0xf81f, 0xf81f, 0xf81f, 0xf81f, 0xf81f, 0xf81f, 0xf81f, 0xf81f, 0xf81f, 0x500b, 0x18c0, 0x8223, 0x69e3, 0x1860, 0x18c0, 0x3960, 0x41a0, 0x93c2, 0x39e9, 0x31ce, 0x31ce, 0x1907, 0x08a6, 0x2149, 0x10a4, 0x0841, 0x7262, 0xbc05, 0x526d, 0x218e, 0x4a4b, 0xed63, 0x72a5, 0x194b, 0x72e8, 0xdce3, 0x7b28, 0x218e, 0x31ef, 0x420c, 0xb3e4, 0x5a48, 0x7ac6, 0x5a07, 0x10e7, 0x0843, 0x0842, 0x18e6, 0x2149, 0x31ce, 0x1990, 0x8b68, 0x8b27, 0x8327, 0x72c7, 0x192c, 0x214a, 0x10e6, 0x0040, 0x8811, 0xf81f, 0xf81f, 0xf81f, 0xf81f,
    0xf81f, 0xf81f, 0xf81f, 0xf81f, 0xf81f, 0xf81f, 0xf81f, 0xf81f, 0xf81f, 0x4028, 0x0860, 0x20a1, 0x1040, 0x6a03, 0xe4ea, 0xed4c, 0x9306, 0x3941, 0xcc84, 0x524a, 0x194d, 0x298c, 0x214a, 0x2107, 0x2106, 0x0042, 0x18a3, 0x39aa, 0x21af, 0x29af, 0x526b, 0xf543, 0x6aa5, 0x10e8, 0xcc65, 0xdcc3, 0x6a87, 0x218e, 0x31ef, 0x31ce, 0x39ec, 0x31ac, 0x298a, 0x2129, 0x18e8, 0x10c5, 0x0841, 0x0842, 0x1907, 0x2149, 0x298c, 0x39eb, 0x298d, 0x296b, 0x39aa, 0x298d, 0x298c, 0x316a, 0x5a02, 0x30c1, 0xf81f, 0xf81f, 0xf81f, 0xf81f,
    0xf81f, 0xf81f, 0xf81f, 0xf81f, 0xf81f, 0xf81f, 0xf81f, 0xf81f, 0x4008, 0xa3a8, 0xe56c, 0xe58e, 0x4184, 0x8b28, 0xfe4f, 0xf54b, 0xcbe8, 0x28a1, 0xbc02, 0xd4a4, 0x4a29, 0x192b, 0x214a, 0x18e6, 0x10a4, 0x0020, 0x0001, 0x2107, 0x6248, 0x218e, 0x4a2a, 0xdca3, 0x7ac4, 0x0863, 0xb3a3, 0xdca3, 0x6a86, 0x194c, 0x31cd, 0x41eb, 0x39ec, 0x214b, 0x2129, 0x1908, 0x4165, 0x3124, 0x10a5, 0x0841, 0x0862, 0x2127, 0x3147, 0x1908, 0x2129, 0x214a, 0x218d, 0x31ce, 0x39ed, 0x7286, 0xa383, 0x3185, 0x1065, 0xf81f, 0xf81f, 0xf81f,
    0xf81f, 0xf81f, 0xf81f, 0xf81f, 0xf81f, 0xf81f, 0xf81f, 0xf81f, 0x0802, 0xa386, 0xe4aa, 0xb3e9, 0x20a1, 0x9368, 0xccab, 0x7203, 0xbb46, 0x5142, 0x51a1, 0xc402, 0x82a4, 0x2947, 0x3147, 0x3124, 0x10c5, 0x0862, 0x0000, 0x1084, 0x39a9, 0x194b, 0x3167, 0xab82, 0x6a43, 0x0023, 0x7a84, 0xc3c2, 0x7265, 0x190b, 0x298c, 0x6268, 0x9b44, 0x41c7, 0x1908, 0x1909, 0x2926, 0x18c3, 0x0863, 0x0000, 0x0000, 0x0882, 0x18e5, 0x10e6, 0x318b, 0x29ef, 0x422d, 0x31ce, 0x31ce, 0x298b, 0x5a47, 0x2949, 0x00c6, 0x402a, 0xf81f, 0xf81f,
    0xf81f, 0xf81f, 0xf81f, 0xf81f, 0xf81f, 0xf81f, 0xf81f, 0xf81f, 0x1003, 0x9b65, 0xed0b, 0xcc6a, 0xc449, 0x7aa5, 0x1881, 0x0820, 0x5982, 0x9284, 0x0820, 0x8282, 0xb342, 0x51e5, 0x2105, 0x20e5, 0x08c4, 0x0062, 0x0820, 0x1861, 0x18a4, 0x2107, 0x18a4, 0x3122, 0x4a26, 0x39a4, 0x41c4, 0x30e1, 0x3942, 0x1909, 0x190a, 0x18c7, 0x3124, 0x28c1, 0x1882, 0x1083, 0x1062, 0x0841, 0x1040, 0x1860, 0x0820, 0x0000, 0x10c5, 0x3166, 0x3a0e, 0x7b29, 0xbc04, 0x5a4b, 0x29ae, 0x29ad, 0x190b, 0x10e9, 0x3169, 0x1941, 0xf81f, 0xf81f,
    0xf81f, 0xf81f, 0xf81f, 0xf81f, 0xf81f, 0xf81f, 0xf81f, 0xf81f, 0x480a, 0x6a23, 0xdcc9, 0xfdcd, 0xe4c9, 0xab05, 0x5142, 0x30c1, 0xaae5, 0x7a24, 0x0840, 0x5181, 0xab22, 0x61e4, 0x0085, 0x08a3, 0x2865, 0x2024, 0x1880, 0x5962, 0x69c2, 0x4101, 0x3963, 0xc56c, 0x9c09, 0xb445, 0xbc85, 0xbcc8, 0x3142, 0x20c4, 0x2905, 0x1040, 0x20a1, 0x69c2, 0x7a03, 0x7a03, 0x71e2, 0x6182, 0x5962, 0x4942, 0x28c1, 0x0000, 0x10a4, 0x3146, 0x31ac, 0x420c, 0x6a8a, 0x31ad, 0x196d, 0x296b, 0x41c9, 0x3189, 0x82e5, 0xb3a3, 0x5a01, 0xf81f,
    0xf81f, 0xf81f, 0xf81f, 0xf81f, 0xf81f, 0xf81f, 0xf81f, 0xf81f, 0xf81f, 0xf81f, 0x6a04, 0xdc68, 0xcc08, 0xab26, 0xa326, 0x0000, 0x4102, 0x1041, 0x0000, 0x4141, 0x8a82, 0x3962, 0x0042, 0x2806, 0xd85a, 0x8010, 0x0040, 0x30c0, 0x5982, 0x5141, 0x5a03, 0xc4e8, 0x2880, 0x38a0, 0x1840, 0xd568, 0x6a43, 0x5942, 0x71c2, 0x4101, 0x38e1, 0x28c1, 0x8a63, 0x7a03, 0x71e3, 0x4901, 0x4901, 0x5962, 0x30c1, 0x1040, 0x0842, 0x10a7, 0x18e9, 0x112d, 0x31ad, 0x524a, 0x4a2b, 0x8329, 0xe4c3, 0xc423, 0xab83, 0x6201, 0x3120, 0xf81f,
    0xf81f, 0xf81f, 0xf81f, 0xf81f, 0xf81f, 0xf81f, 0xf81f, 0xf81f, 0xf81f, 0xf81f, 0xf81f, 0x51e0, 0x9366, 0x9b27, 0x4922, 0x0820, 0x0840, 0x1082, 0x1082, 0x5181, 0x59e0, 0x1881, 0x680d, 0xe81d, 0xb816, 0x1023, 0x0022, 0x0842, 0x28a1, 0x28a1, 0x3921, 0x9344, 0x6a23, 0x82c3, 0x6a43, 0xac05, 0x4161, 0x3080, 0x4921, 0x38e1, 0x5162, 0x4121, 0x5982, 0x5141, 0x69a2, 0x6a66, 0x4163, 0x2081, 0x1860, 0x1880, 0x0821, 0x3124, 0x49c6, 0x5248, 0x9386, 0xed23, 0xdce3, 0xd483, 0xa3a2, 0x6222, 0x3101, 0x1002, 0x7810, 0xe83d,
    0xf81f, 0xf81f, 0xf81f, 0xf81f, 0xf81f, 0xf81f, 0xf81f, 0xf81f, 0xf81f, 0xf81f, 0xf81f, 0x600d, 0x4009, 0x0000, 0x20a0, 0x5961, 0x30a1, 0x0841, 0x08a0, 0x18e0, 0x4867, 0x8811, 0xf81f, 0xf81f, 0x3807, 0x0080, 0x2946, 0x1908, 0x18e7, 0x10c7, 0x0862, 0x28e1, 0x7ac4, 0x9365, 0x8324, 0x4182, 0x18a2, 0x18a4, 0x20a3, 0x1041, 0x5142, 0x71e2, 0x4942, 0x40e1, 0x30e1, 0x6aa7, 0x4184, 0x2881, 0x4101, 0x28a1, 0x0020, 0x7202, 0xab63, 0xd463, 0xcc63, 0x9b63, 0x6242, 0x4981, 0x3901, 0x3902, 0x18a0, 0x3808, 0xf81f, 0xf81f,
    0xf81f, 0xf81f, 0xf81f, 0xf81f, 0xf81f, 0xf81f, 0xf81f, 0xf81f, 0xf81f, 0xf81f, 0xf81f, 0xf81f, 0xf81f, 0x1822, 0x5181, 0x8243, 0x5162, 0x0000, 0x4809, 0x8811, 0xd01a, 0xf81f, 0xf81e, 0xb817, 0x1823, 0x5a02, 0x9b24, 0x5a07, 0x218d, 0x29ce, 0x3146, 0x59e1, 0x18a0, 0x0000, 0x4981, 0x4140, 0x2926, 0x298c, 0x192a, 0x1083, 0x30c0, 0x71e2, 0x9aa4, 0x9aa4, 0x5142, 0x30a0, 0x4921, 0x6182, 0x69a2, 0x4101, 0x0820, 0x28c1, 0x3921, 0x4981, 0x3940, 0x30e1, 0x4942, 0x5183, 0x8a64, 0xcba6, 0x7a83, 0x3807, 0xf81f, 0xf81f,
    0xf81f, 0xf81f, 0xf81f, 0xf81f, 0xf81f, 0xf81f, 0xf81f, 0xf81f, 0xf81f, 0xf81f, 0xf81f, 0xf81f, 0xf81f, 0x1802, 0x5161, 0x8a43, 0x7a03, 0x0040, 0x9013, 0xf81f, 0xf01d, 0xe81d, 0xf01e, 0x3807, 0x00a1, 0x49c7, 0x6a69, 0x522b, 0x29ae, 0x218d, 0x5206, 0xed04, 0x6222, 0x1061, 0xc424, 0xb3a3, 0x49c6, 0x216d, 0x298c, 0x10a5, 0x2080, 0x7a02, 0x8a43, 0xa2e4, 0x7a03, 0x69a2, 0x7a03, 0x6182, 0x5141, 0x4101, 0x0840, 0x0000, 0x5163, 0x8aa6, 0x8aa6, 0xb3c8, 0xeceb, 0xecea, 0xe489, 0xdc28, 0x7a83, 0x3808, 0xf81f, 0xf81f,
    0xf81f, 0xf81f, 0xf81f, 0xf81f, 0xf81f, 0xf81f, 0xf81f, 0xf81f, 0xf81f, 0xf81f, 0xf81f, 0xf81f, 0xf81f, 0xb817, 0x2043, 0x7202, 0x9283, 0x4941, 0x2824, 0xc018, 0xf01d, 0xf81f, 0xb016, 0x0061, 0x2947, 0x18e9, 0x298c, 0x6b2c, 0x734b, 0x41cb, 0x82a4, 0xe524, 0x49c2, 0x1880, 0xd4a4, 0xdcc3, 0x5a27, 0x194d, 0x31ce, 0x298c, 0x1083, 0x4100, 0x5141, 0x71e2, 0x7a02, 0x71e2, 0x6182, 0x4921, 0x28a0, 0x0820, 0x0863, 0x0000, 0xa2a5, 0xfceb, 0x7a44, 0xa388, 0xfd6c, 0xeceb, 0xeceb, 0xbb66, 0x4981, 0xf81f, 0xf81f, 0xf81f,
    0xf81f, 0xf81f, 0xf81f, 0xf81f, 0xf81f, 0xf81f, 0xf81f, 0xf81f, 0xf81f, 0xf81f, 0xf81f, 0xf81f, 0xf81f, 0xf81f, 0x0802, 0x61c2, 0x92a4, 0x71e2, 0x0020, 0xb817, 0xf81e, 0xe01b, 0x700e, 0x08c2, 0x31a9, 0x214c, 0x4a2b, 0xa3c6, 0x5aed, 0x4a4d, 0xb383, 0xdd04, 0x4181, 0x1880, 0xdcc3, 0xdce4, 0x6aa5, 0x31ab, 0x31cf, 0x29cf, 0x194b, 0x0884, 0x0820, 0x1840, 0x2080, 0x2080, 0x1040, 0x0841, 0x1083, 0x10c6, 0x18c5, 0x0884, 0x18a2, 0x38e2, 0x6182, 0xcc29, 0xe48a, 0xb346, 0xbba7, 0x4180, 0x4829, 0xf81f, 0xf81f, 0xf81f,
    0xf81f, 0xf81f, 0xf81f, 0xf81f, 0xf81f, 0xf81f, 0xf81f, 0xf81f, 0xf81f, 0xf81f, 0xf81f, 0xf81f, 0xf81f, 0xf81f, 0x2004, 0x4140, 0x8223, 0x7a23, 0x28c0, 0x9011, 0xe81d, 0x700d, 0x0020, 0x1929, 0x31cd, 0x31ce, 0x39ed, 0x6269, 0x5a69, 0x628b, 0xd483, 0xd4a3, 0x3941, 0x1882, 0x8ac2, 0xd4a4, 0x8b45, 0x41eb, 0x3210, 0x72ca, 0x72a7, 0x298b, 0x2107, 0x18a4, 0x1063, 0x0863, 0x1084, 0x10c6, 0x18e7, 0x4186, 0x6a04, 0x3966, 0x10a5, 0x0001, 0x61a3, 0xa2c5, 0x8a85, 0x5182, 0x0840, 0x582c, 0xf81f, 0xf81f, 0xf81f, 0xf81f,
    0xf81f, 0xf81f, 0xf81f, 0xf81f, 0xf81f, 0xf81f, 0xf81f, 0xf81f, 0xf81f, 0xf81f, 0xf81f, 0xf81f, 0xf81f, 0xf81f, 0xf81f, 0x2044, 0x4961, 0x8243, 0x61a2, 0x0040, 0xb817, 0x700f, 0x10e0, 0x6267, 0x29ce, 0x29ee, 0x420c, 0x5229, 0x216e, 0x62a9, 0xd483, 0xa322, 0x1061, 0x1083, 0x1881, 0xc443, 0xc465, 0x524b, 0x39ed, 0x9367, 0xcc03, 0x6aaa, 0x31ef, 0x298c, 0x212a, 0x1909, 0x214a, 0x2129, 0x2127, 0x59e4, 0x7a43, 0x51a4, 0x18e6, 0x10c6, 0x0864, 0x0021, 0x0020, 0x2004, 0x8011, 0xf81f, 0xf81f, 0xf81f, 0xf81f, 0xf81f,
    0xf81f, 0xf81f, 0xf81f, 0xf81f, 0xf81f, 0xf81f, 0xf81f, 0xf81f, 0xf81f, 0xf81f, 0xf81f, 0xf81f, 0xf81f, 0xf81f, 0xf81f, 0x700f, 0x18c0, 0x9264, 0x7a03, 0x1060, 0x600d, 0x4829, 0x5a01, 0xb3a5, 0x628a, 0x31ce, 0x31ce, 0x31ce, 0x194e, 0x528a, 0xd4a3, 0x69e1, 0x1082, 0x1082, 0x0000, 0xabc3, 0xed44, 0x72c8, 0x112d, 0x3a0d, 0x7ae9, 0x3a0e, 0x31ee, 0x29ce, 0x420c, 0x524a, 0x196e, 0x29ac, 0x296b, 0x214a, 0x4164, 0x20e6, 0x18e7, 0x10c6, 0x18e6, 0x10e7, 0x0083, 0x3005, 0xf81f, 0xf81f, 0xf81f, 0xf81f, 0xf81f, 0xf81f,
    0xf81f, 0xf81f, 0xf81f, 0xf81f, 0xf81f, 0xf81f, 0xf81f, 0xf81f, 0xf81f, 0xf81f, 0xf81f, 0xf81f, 0xf81f, 0xf81f, 0xf81f, 0x780f, 0x0880, 0x71e3, 0x7203, 0x4101, 0x0020, 0x2901, 0x92c4, 0xab64, 0x6a8a, 0x31ee, 0x31ce, 0x298d, 0x41eb, 0xabe5, 0xbc03, 0x20a0, 0x10a2, 0x1082, 0x0820, 0x9b42, 0xdce3, 0x6287, 0x192d, 0x31ef, 0x29ce, 0x31cd, 0x31cd, 0x216e, 0x8328, 0xd483, 0x5a6b, 0x298e, 0x31ac, 0x214a, 0x10e8, 0x10c6, 0x10c6, 0x51a4, 0x7223, 0x4185, 0x10c6, 0x00a3, 0x4849, 0xf81f, 0xf81f, 0xf81f, 0xf81f, 0xf81f,
    0xf81f, 0xf81f, 0xf81f, 0xf81f, 0xf81f, 0xf81f, 0xf81f, 0xf81f, 0xf81f, 0xf81f, 0xf81f, 0xf81f, 0xf81f, 0xf81f, 0xf81f, 0xf81f, 0x0840, 0x4922, 0x7a04, 0x69a2, 0x1040, 0x18c5, 0x49c8, 0x41ea, 0x29ae, 0x39ed, 0x41ed, 0x218e, 0x5a6a, 0xe4c2, 0xa3a3, 0x0000, 0x1881, 0x1881, 0x0841, 0x69e2, 0xc403, 0xbc04, 0x6aa8, 0x29ce, 0x31ed, 0x31cd, 0x39cb, 0x9367, 0xc444, 0xdcc2, 0xc445, 0x9326, 0x5228, 0x194b, 0x214a, 0x10c7, 0x08a6, 0x49a4, 0x7a42, 0x3145, 0x18c7, 0x18e7, 0x0040, 0x8010, 0xf81f, 0xf81f, 0xf81f, 0xf81f,
    0xf81f, 0xf81f, 0xf81f, 0xf81f, 0xf81f, 0xf81f, 0xf81f, 0xf81f, 0xf81f, 0xf81f, 0xf81f, 0xf81f, 0xf81f, 0xf81f, 0xf81f, 0xf81f, 0xa013, 0x2081, 0x7203, 0x3901, 0x1082, 0x08c8, 0x10ea, 0x214b, 0x29ae, 0x5a2a, 0x4a0a, 0x4a4b, 0xb3e5, 0xc423, 0x7262, 0x0840, 0x28c1, 0x0840, 0x0000, 0x0820, 0x9302, 0xed02, 0x8b46, 0x190b, 0x31cd, 0x31ce, 0x31cd, 0x4a4c, 0xa3a5, 0xcc23, 0xcc43, 0x6249, 0x216b, 0x296b, 0x216b, 0x49a6, 0x3145, 0x18c7, 0x2926, 0x08a6, 0x0886, 0x10a6, 0x3942, 0x40c4, 0x9013, 0xf81f, 0xf81f, 0xf81f,
    0xf81f, 0xf81f, 0xf81f, 0xf81f, 0xf81f, 0xf81f, 0xf81f, 0xf81f, 0xf81f, 0xf81f, 0xf81f, 0xf81f, 0xf81f, 0xf81f, 0xf81f, 0xf81f, 0xf81f, 0x0020, 0x59c1, 0x1860, 0x6203, 0x6a85, 0x41c7, 0x10eb, 0x216e, 0x218d, 0x194c, 0x6268, 0xdca2, 0xb3c3, 0x4941, 0x20a1, 0x38e1, 0x0000, 0x0021, 0x0000, 0x82a1, 0xece2, 0x8b47, 0x192d, 0x29ce, 0x420d, 0x422d, 0x29ef, 0x8307, 0x4a09, 0x8b27, 0x6289, 0x216c, 0x296b, 0x216b, 0x49c7, 0x3945, 0x0887, 0x0087, 0x18e5, 0x4164, 0x4165, 0x8a83, 0x3180, 0x3808, 0xf81f, 0xf81f, 0xf81f,
    0xf81f, 0xf81f, 0xf81f, 0xf81f, 0xf81f, 0xf81f, 0xf81f, 0xf81f, 0xf81f, 0xf81f, 0xf81f, 0xf81f, 0xf81f, 0xf81f, 0xf81f, 0xf81f, 0xf81f, 0x0020, 0x3901, 0x0820, 0x8aa2, 0xc402, 0xb3e4, 0x7ae7, 0x8307, 0x5a49, 0x090d, 0x6268, 0xcc42, 0x9302, 0x28a1, 0x3901, 0x20a1, 0x0000, 0x1083, 0x0863, 0x28e1, 0xb3c2, 0xbc04, 0x6aa8, 0x218d, 0x422d, 0x72a9, 0x39ed, 0x41eb, 0x216d, 0x31ac, 0x41eb, 0x296c, 0x212a, 0x214a, 0x190a, 0x08a8, 0x4984, 0x59c4, 0x7243, 0x9ae2, 0x8a82, 0x49a1, 0x1080, 0x700e, 0xf81f, 0xf81f, 0xf81f,
    0xf81f, 0xf81f, 0xf81f, 0xf81f, 0xf81f, 0xf81f, 0xf81f, 0xf81f, 0xf81f, 0xf81f, 0xf81f, 0xf81f, 0xf81f, 0xf81f, 0xf81f, 0xf81f, 0xf81f, 0xa835, 0x2043, 0x18a0, 0x20a0, 0x59e1, 0xb3a2, 0xd463, 0xd483, 0xc424, 0x8b46, 0xabc4, 0xbbc3, 0x5161, 0x1061, 0x30e1, 0x1860, 0x0020, 0x18c3, 0x18c4, 0x0021, 0x7241, 0xd483, 0xb3e4, 0x214c, 0x21ad, 0x41cb, 0x31ac, 0x218d, 0x29ac, 0x29ac, 0x216c, 0x41ea, 0x9b64, 0x9b65, 0x9345, 0x82e5, 0xa323, 0xa322, 0x8ac2, 0x69e1, 0x20c0, 0x1842, 0xf81f, 0xf81f, 0xf81f, 0xf81f, 0xf81f,
    0xf81f, 0xf81f, 0xf81f, 0xf81f, 0xf81f, 0xf81f, 0xf81f, 0xf81f, 0xf81f, 0xf81f, 0xf81f, 0xf81f, 0xf81f, 0xf81f, 0xf81f, 0xf81f, 0xf81f, 0xf81f, 0x1803, 0x3100, 0x3101, 0x1040, 0x28c1, 0x3101, 0x49a2, 0x8b03, 0xc422, 0xb3c2, 0x82a2, 0x0820, 0x0820, 0x1060, 0x0020, 0x0841, 0x18c4, 0x18e4, 0x18c3, 0x18a0, 0xaba3, 0xc444, 0xa385, 0x3188, 0x214a, 0x194b, 0x6ac7, 0xbc05, 0xb426, 0xabe6, 0xb3e5, 0xd462, 0xc443, 0xa342, 0x82a2, 0x4141, 0x20a1, 0x1880, 0x4847, 0xf81f, 0xf81f, 0xf81f, 0xf81f, 0xf81f, 0xf81f, 0xf81f,
    0xf81f, 0xf81f, 0xf81f, 0xf81f, 0xf81f, 0xf81f, 0xf81f, 0xf81f, 0xf81f, 0xf81f, 0xf81f, 0xf81f, 0xf81f, 0xf81f, 0xf81f, 0xf81f, 0xf81f, 0xf81f, 0x3006, 0x30e1, 0x30e1, 0x28c1, 0x4101, 0x30c1, 0x0820, 0x1060, 0x20c0, 0x20a0, 0x1860, 0x1880, 0x20a1, 0x30c1, 0x1881, 0x0000, 0x0821, 0x0841, 0x0842, 0x0000, 0x4981, 0xbbe3, 0xdca3, 0xb404, 0xb405, 0xc465, 0xbbc4, 0xa322, 0x9302, 0x51a1, 0x4141, 0x28e1, 0x20c0, 0x1060, 0x1880, 0x0840, 0x1003, 0xa815, 0xf81f, 0xf81f, 0xf81f, 0xf81f, 0xf81f, 0xf81f, 0xf81f, 0xf81f,
    0xf81f, 0xf81f, 0xf81f, 0xf81f, 0xf81f, 0xf81f, 0xf81f, 0xf81f, 0xf81f, 0xf81f, 0xf81f, 0xf81f, 0xf81f, 0xf81f, 0xf81f, 0xf81f, 0xc859, 0xd05a, 0xa874, 0x0801, 0x4121, 0x7a23, 0x8a63, 0x7203, 0x5162, 0x4122, 0x28a1, 0x2081, 0x1881, 0x1860, 0x30c1, 0x30e1, 0x1880, 0x0001, 0x50ab, 0x582b, 0x582b, 0x582b, 0x30a4, 0x61e1, 0x6221, 0x5a20, 0x6241, 0x7282, 0x51a2, 0x20a1, 0x20a1, 0x20a1, 0x30e1, 0x4122, 0x38e1, 0x28c1, 0x28c1, 0x3101, 0x1060, 0x506a, 0xa8b4, 0xf81f, 0xf81f, 0xf81f, 0xf81f, 0xf81f, 0xf81e, 0xf81f,
    0xf81f, 0xf81f, 0xf81f, 0xf81f, 0xf81f, 0xf81f, 0xf81f, 0xf81f, 0xf81f, 0xf81f, 0xf81f, 0xf81f, 0xf81f, 0xf81f, 0xb056, 0x9093, 0x58cc, 0x60cd, 0x60cc, 0x0001, 0x20a0, 0x5161, 0x5161, 0x4121, 0x4101, 0x4121, 0x30e1, 0x20a0, 0x0860, 0x0020, 0x1880, 0x0040, 0x1042, 0x3067, 0x582b, 0x582b, 0x582b, 0x582b, 0x68ee, 0x3868, 0x1804, 0x1805, 0x2006, 0x0002, 0x0000, 0x30c1, 0x5982, 0x8243, 0x9284, 0x9284, 0x7a03, 0x5962, 0x4942, 0x3901, 0x0040, 0x2846, 0x70ce, 0x60cc, 0x68cd, 0x60ec, 0x78b0, 0xf81f, 0xf81f, 0xf81f,
    0xf81f, 0xf81f, 0xf81f, 0xf81f, 0xf81f, 0xf81f, 0xf81f, 0xf81f, 0xf81f, 0xf81f, 0xf81f, 0xf81f, 0xf81f, 0xf81f, 0x9873, 0x9873, 0x98b3, 0x58ec, 0x58ec, 0x3888, 0x1042, 0x1860, 0x1861, 0x1841, 0x1842, 0x2042, 0x1041, 0x2044, 0x3868, 0x3867, 0x3888, 0x3887, 0x50aa, 0x70ee, 0x60cd, 0x60cd, 0x60ed, 0x60ed, 0x68ed, 0x70ee, 0x70ee, 0x70ee, 0x78ef, 0x50aa, 0x0821, 0x20a0, 0x5162, 0x61a2, 0x61c3, 0x61c3, 0x5162, 0x4102, 0x4122, 0x1880, 0x1022, 0x508a, 0x68cd, 0x60ec, 0x60cc, 0x58eb, 0x68ce, 0x9874, 0x9072, 0xf81f,
    0xf81f, 0xf81f, 0xf81f, 0xf81f, 0xf81f, 0xf81f, 0xf81f, 0xf81f, 0xf81f, 0xf81f, 0xf81f, 0xf81f, 0xf81f, 0xf81f, 0xf81f, 0xf81f, 0xf81f, 0xf81f, 0xf81f, 0xf81f, 0xf81f, 0xf81f, 0xf81f, 0x788f, 0x708e, 0x688e, 0x688d, 0x68cd, 0x78ef, 0x70ee, 0x70ee, 0x70ee, 0x68ee, 0x68ed, 0x68ed, 0x68ed, 0x68ed, 0x68ed, 0x68ed, 0x68ed, 0x68ed, 0x68ed, 0x68ed, 0x68cd, 0x50ab, 0x2865, 0x1040, 0x1861, 0x1040, 0x1040, 0x1040, 0x1040, 0x0820, 0x4068, 0x68ad, 0x68cd, 0x8091, 0xf81f, 0xf81f, 0xf81f, 0xf81f, 0xf81f, 0xf81f, 0xf81f
};
const int wizard64x64_width  = 64;
const int wizard64x64_height = 64;

// cleric64x64  64 x 64  (RGB565)
const uint16_t CLERIC64X64[START_W * START_H] PROGMEM = {
        0xf81f, 0xf81f, 0xf81f, 0xf81f, 0xf81f, 0xf81f, 0xf81f, 0xf81f, 0xf81f, 0xf81f, 0xf81f, 0xf81f, 0xf81f, 0xf81f, 0xf81f, 0xf81f, 0xf81f, 0xf81f, 0xf81f, 0xf81f, 0xf81f, 0xf81f, 0xf81f, 0xf81f, 0xf81f, 0xf81f, 0xf81f, 0xf81f, 0xf81f, 0xf81f, 0xf81f, 0xf81f, 0xf81f, 0xf81f, 0xf81f, 0xf81f, 0xf81f, 0xf81f, 0xf81f, 0xf81f, 0xf81f, 0xf81f, 0xf81f, 0xf81f, 0xf81f, 0xf81f, 0xf81f, 0xf81f, 0xf81f, 0xf81f, 0xf81f, 0xf81f, 0xf81f, 0xf81f, 0xf81f, 0xf81f, 0xf81f, 0xf81f, 0xf81f, 0xf81f, 0xf81f, 0xf81f, 0xf81f, 0xf81f,
    0xf81f, 0xf81f, 0xf81f, 0xf81f, 0xf81f, 0xf81f, 0xf81f, 0xf81f, 0xf81f, 0xf81f, 0xf81f, 0xf81f, 0xf81f, 0xf81f, 0xf81f, 0xf81f, 0xf81f, 0xf81f, 0xf81f, 0xf81f, 0xf81f, 0xf81f, 0xf81f, 0xf81f, 0xf81f, 0xf81f, 0xf81f, 0xa815, 0x500b, 0x684b, 0x4121, 0x4180, 0x4960, 0x2900, 0x3100, 0x4160, 0x3960, 0x60c6, 0x600c, 0x500b, 0xb016, 0xf81f, 0xf81f, 0xf81f, 0xf81f, 0xf81f, 0xf81f, 0xf81f, 0xf81f, 0xf81f, 0xf81f, 0xf81f, 0xf81f, 0xf81f, 0xf81f, 0xf81f, 0xf81f, 0xf81f, 0xf81f, 0xf81f, 0xf81f, 0xf81f, 0xf81f, 0xf81f,
    0xf81f, 0xf81f, 0xf81f, 0xf81f, 0xf81f, 0xf81f, 0xf81f, 0xf81f, 0xf81f, 0xf81f, 0xf81f, 0xf81f, 0xf81f, 0xf81f, 0xf81f, 0xf81f, 0xf81f, 0xf81f, 0xf81f, 0xf81f, 0xf81f, 0xf81f, 0xf81f, 0xf81f, 0xf81f, 0xf81f, 0x700e, 0x50a6, 0x3140, 0x4980, 0x7a23, 0x7a03, 0x71c3, 0x5962, 0x5982, 0x7a03, 0x8223, 0x7202, 0x4160, 0x2900, 0x4067, 0x7810, 0xf81f, 0xf81f, 0xf81f, 0xf81f, 0xf81f, 0xf81f, 0xf81f, 0xf81f, 0xf81f, 0xf81f, 0xf81f, 0xf81f, 0xf81f, 0xf81f, 0xf81f, 0xf81f, 0xf81f, 0xf81f, 0xf81f, 0xf81f, 0xf81f, 0xf81f,
    0xf81f, 0xf81f, 0xf81f, 0xf81f, 0xf81f, 0xf81f, 0xf81f, 0xf81f, 0xf81f, 0xf81f, 0xf81f, 0xf81f, 0xf81f, 0xf81f, 0xf81f, 0xf81f, 0xf81f, 0xf81f, 0xf81f, 0xf81f, 0xf81f, 0xf81f, 0xf81f, 0xf81f, 0xf81f, 0x5049, 0x3960, 0x7222, 0x9284, 0x8243, 0x7203, 0x5962, 0x61a2, 0x71c3, 0x69c3, 0x7203, 0x8223, 0x8244, 0x8223, 0x8223, 0x51a1, 0x2900, 0x680d, 0xf81f, 0xf81f, 0xf81f, 0xf81f, 0xf81f, 0xf81f, 0xf81f, 0xf81f, 0xf81f, 0xf81f, 0xf81f, 0xf81f, 0xf81f, 0xf81f, 0xf81f, 0xf81f, 0xf81f, 0xf81f, 0xf81f, 0xf81f, 0xf81f,
    0xf81f, 0xf81f, 0xf81f, 0xf81f, 0xf81f, 0xf81f, 0xf81f, 0xf81f, 0xf81f, 0xf81f, 0xf81f, 0xf81f, 0xf81f, 0xf81f, 0xf81f, 0xf81f, 0xf81f, 0xf81f, 0xf81f, 0xf81f, 0xf81f, 0xf81f, 0xf81f, 0xf81f, 0x780f, 0x4160, 0x8223, 0x7a03, 0x69c3, 0x71e3, 0x5962, 0x5141, 0x6182, 0x71c3, 0x8203, 0x8223, 0x8223, 0x7a03, 0x9264, 0x8223, 0x8223, 0x7203, 0x3100, 0x780f, 0xf81f, 0xf81f, 0xf81f, 0xf81f, 0xf81f, 0xf81f, 0xf81f, 0xf81f, 0xf81f, 0xf81f, 0xf81f, 0xf81f, 0xf81f, 0xf81f, 0xf81f, 0xf81f, 0xf81f, 0xf81f, 0xf81f, 0xf81f,
    0xf81f, 0xf81f, 0xf81f, 0xf81f, 0xf81f, 0xf81f, 0xf81f, 0xf81f, 0xf81f, 0xf81f, 0xf81f, 0xf81f, 0xf81f, 0xf81f, 0xf81f, 0xf81f, 0xf81f, 0xf81f, 0xf81f, 0xf81f, 0xf81f, 0xf81f, 0xf81f, 0x8011, 0x28a1, 0x69e2, 0x8223, 0x8223, 0x6182, 0x5141, 0x4921, 0x69c2, 0x71e3, 0x71e3, 0x71e3, 0x7203, 0x8223, 0x7a03, 0x9284, 0x9ac4, 0x8244, 0x7a03, 0x7203, 0x18e0, 0x8010, 0xf81f, 0xf81f, 0xf81f, 0xf81f, 0xf81f, 0xf81f, 0xf81f, 0xf81f, 0xf81f, 0xf81f, 0xf81f, 0xf81f, 0xf81f, 0xf81f, 0xf81f, 0xf81f, 0xf81f, 0xf81f, 0xf81f,
    0xf81f, 0xf81f, 0xf81f, 0xf81f, 0xf81f, 0xf81f, 0xf81f, 0xf81f, 0xf81f, 0xf81f, 0xf81f, 0xf81f, 0xf81f, 0xf81f, 0xf81f, 0xf81f, 0xf81f, 0xf81f, 0xf81f, 0xf81f, 0xf81f, 0xf81f, 0xf81f, 0x3808, 0x4160, 0x8a44, 0x8a64, 0x8a64, 0x8223, 0x5962, 0x69e3, 0x8243, 0x8223, 0x8243, 0x8223, 0x7a03, 0x9284, 0x9ac4, 0x7a23, 0x8244, 0x8244, 0x71e3, 0x71c3, 0x3940, 0x500a, 0xf81f, 0xf81f, 0xf81f, 0xf81f, 0xf81f, 0xf81f, 0xf81f, 0xf81f, 0xf81f, 0xf81f, 0xf81f, 0xf81f, 0xf81f, 0xf81f, 0xf81f, 0xf81f, 0xf81f, 0xf81f, 0xf81f,
    0xf81f, 0xf81f, 0xf81f, 0xf81f, 0xf81f, 0xf81f, 0xf81f, 0xf81f, 0xf81f, 0xf81f, 0xf81f, 0xf81f, 0xf81f, 0xf81f, 0xf81f, 0xf81f, 0xf81f, 0xf81f, 0xf81f, 0xf81f, 0xf81f, 0xf81f, 0x9013, 0x48e4, 0x8a83, 0x9284, 0x9284, 0x7a23, 0x71e3, 0x61a2, 0x7203, 0x8a64, 0x8223, 0x7a23, 0x9aa4, 0x9aa4, 0x8a64, 0x9ac4, 0x8223, 0x61a2, 0x7203, 0x69c3, 0x69c3, 0x51a1, 0x4848, 0xf81f, 0xf81f, 0xf81f, 0xf81f, 0xf81f, 0xf81f, 0xf81f, 0xf81f, 0xf81f, 0xf81f, 0xf81f, 0xf81f, 0xf81f, 0xf81f, 0xf81f, 0xf81f, 0xf81f, 0xf81f, 0xf81f,
    0xf81f, 0xf81f, 0xf81f, 0xf81f, 0xf81f, 0x500a, 0x1903, 0x9091, 0xf81f, 0xf81f, 0xf81f, 0xf81f, 0xf81f, 0xf81f, 0xf81f, 0xf81f, 0xf81f, 0xf81f, 0xf81f, 0xf81f, 0xf81f, 0xf81f, 0x3808, 0x51a0, 0x9264, 0x9a84, 0xa2e5, 0x4942, 0x30c1, 0x5142, 0x30c1, 0x71e3, 0x9aa4, 0x8a44, 0x92a4, 0x92c4, 0x8a64, 0x7a23, 0x7a23, 0x5982, 0x61a2, 0x7a03, 0x61a2, 0x61a2, 0x18c0, 0x580c, 0xf81f, 0xf81f, 0xf81f, 0xf81f, 0xf81f, 0xf81f, 0xf81f, 0xf81f, 0xf81f, 0xf81f, 0xf81f, 0xf81f, 0xf81f, 0xf81f, 0xf81f, 0xf81f, 0xf81f, 0xf81f,
    0xf81f, 0xf81f, 0xf81f, 0xf81f, 0xf81f, 0x4809, 0x9d51, 0x4268, 0x9813, 0xf81f, 0xf81f, 0xf81f, 0xf81f, 0xf81f, 0xf81f, 0xf81f, 0xf81f, 0xf81f, 0xf81f, 0xf81f, 0xf81f, 0xf81f, 0x4008, 0x61e1, 0x8223, 0x8223, 0x61c3, 0x28a1, 0x2881, 0x28a1, 0x1881, 0x4101, 0x92a4, 0x8a44, 0x7a03, 0x7a23, 0x7a03, 0x71e3, 0x71e3, 0x7a03, 0x5962, 0x61a3, 0x6182, 0x61a2, 0x28e0, 0x600d, 0xf81f, 0xf81f, 0xf81f, 0xf81f, 0xf81f, 0xf81f, 0xf81f, 0xf81f, 0xf81f, 0xf81f, 0xf81f, 0xf81f, 0xf81f, 0xf81f, 0xf81f, 0xf81f, 0xf81f, 0xf81f,
    0xf81f, 0xf81f, 0xf81f, 0xf81f, 0xf81f, 0x500a, 0x7c4e, 0x83ee, 0x2043, 0x3807, 0x580b, 0xf81f, 0xf81f, 0xf81f, 0x582b, 0xf81f, 0xf81f, 0xf81f, 0xf81f, 0xf81f, 0xf81f, 0xf81f, 0x58a7, 0x7a21, 0x61a2, 0x5982, 0x20a0, 0x5162, 0xb2e5, 0xa2e5, 0xb326, 0x5962, 0x5142, 0x69c3, 0x69a2, 0x8223, 0x7a03, 0x5962, 0x71c3, 0x61a2, 0x5162, 0x6182, 0x4942, 0x5962, 0x5982, 0x30a2, 0x9813, 0xf81f, 0xf81f, 0xf81f, 0xf81f, 0xf81f, 0xf81f, 0xf81f, 0xf81f, 0xf81f, 0xf81f, 0xf81f, 0xf81f, 0xf81f, 0xf81f, 0xf81f, 0xf81f, 0xf81f,
    0xf81f, 0xf81f, 0xf81f, 0xf81f, 0xf81f, 0x3808, 0x31c5, 0x6b0c, 0x5aea, 0x7c0d, 0x638a, 0x48e8, 0x600c, 0x38e7, 0x21a2, 0x9012, 0xf81f, 0xf81f, 0xf81f, 0xf81f, 0xf81f, 0x500a, 0x5942, 0x7a03, 0x5982, 0x2080, 0x4101, 0xaae5, 0xd3e7, 0xdc07, 0xdc28, 0xb326, 0x4922, 0x1860, 0x5141, 0x71e3, 0x69c3, 0x79e3, 0x5962, 0x4121, 0x5142, 0x6182, 0x5162, 0x4922, 0x5142, 0x4121, 0x30c2, 0xf81f, 0xf81f, 0xf81f, 0xf81f, 0xf81f, 0xf81f, 0xf81f, 0xf81f, 0xf81f, 0xf81f, 0xf81f, 0xf81f, 0xf81f, 0xf81f, 0xf81f, 0xf81f, 0xf81f,
    0xf81f, 0xf81f, 0xf81f, 0xf81f, 0x700e, 0x4a68, 0x9470, 0xad54, 0xb574, 0xce16, 0x9cb1, 0x634b, 0x3a26, 0x8c4f, 0x41e8, 0x688e, 0xf81f, 0xf81f, 0xf81f, 0xf81f, 0xf81f, 0x2063, 0x51a1, 0x6183, 0x30e1, 0x30c1, 0xb305, 0xdc07, 0xd407, 0xd407, 0xd407, 0xd3e7, 0xab05, 0x9ac5, 0x4942, 0x30c1, 0x5162, 0x8203, 0x61a2, 0x38e1, 0x38e1, 0x4942, 0x61a2, 0x5162, 0x4101, 0x2081, 0x1861, 0xf81f, 0xf81f, 0xf81f, 0xf81f, 0xf81f, 0xf81f, 0xf81f, 0xf81f, 0xf81f, 0xf81f, 0xf81f, 0xf81f, 0xf81f, 0xf81f, 0xf81f, 0xf81f, 0xf81f,
    0xf81f, 0xf81f, 0xf81f, 0x780e, 0x3165, 0x9cd0, 0xde99, 0xffff, 0xc617, 0x83ef, 0x944f, 0x9450, 0x7bad, 0x39c6, 0x526b, 0x4a28, 0xf81f, 0xf81f, 0xf81f, 0xf81f, 0xf81f, 0x2062, 0x4140, 0x5142, 0x1840, 0x5983, 0x9ac5, 0xb366, 0xdc47, 0xd427, 0xd427, 0xd407, 0xd3c7, 0xab26, 0x7204, 0x4101, 0x30c1, 0x5162, 0x69c3, 0x4101, 0x0800, 0x1020, 0x5162, 0x5982, 0x4942, 0x0880, 0x8812, 0xf81f, 0xf81f, 0xf81f, 0xf81f, 0xf81f, 0xf81f, 0xf81f, 0xf81f, 0xf81f, 0xf81f, 0xf81f, 0xf81f, 0xf81f, 0xf81f, 0xf81f, 0xf81f, 0xf81f,
    0xf81f, 0xf81f, 0xf81f, 0x1803, 0x73ed, 0xad33, 0xce37, 0xe6fb, 0x8430, 0x73ae, 0x4a48, 0x736c, 0x83ce, 0x4228, 0x30e6, 0xf81f, 0xf81f, 0xf81f, 0xf81f, 0xf81f, 0xf81f, 0x780f, 0x4085, 0x3901, 0x2060, 0x4902, 0x1040, 0x3902, 0xb346, 0xd428, 0xd448, 0x9ae5, 0x4942, 0x1040, 0x1020, 0x5162, 0x5162, 0x28a1, 0x4942, 0x2081, 0x6204, 0x6a24, 0x30c1, 0x5142, 0x5962, 0x3101, 0x4848, 0xf81f, 0xf81f, 0xf81f, 0xf81f, 0xf81f, 0xf81f, 0xf81f, 0xf81f, 0xf81f, 0xf81f, 0xf81f, 0xf81f, 0xf81f, 0xf81f, 0xf81f, 0xf81f, 0xf81f,
    0xf81f, 0xf81f, 0xf81f, 0x0000, 0x7bad, 0x9490, 0xbdb4, 0xbd74, 0x39c6, 0xe6fb, 0x7bef, 0x4207, 0x62ca, 0x5289, 0x20e4, 0xf81f, 0xf81f, 0xf81f, 0xf81f, 0xf81f, 0xf81f, 0xf81f, 0x580c, 0x18a0, 0x2081, 0x4122, 0x3943, 0x0000, 0x69a2, 0xdc69, 0xe4a9, 0x8a84, 0x1860, 0x0000, 0x4a28, 0x3124, 0x9284, 0x4122, 0x30c1, 0x1861, 0xbb67, 0xf4ca, 0x3102, 0x4921, 0x6182, 0x5142, 0x3120, 0x4046, 0xf81f, 0xf81f, 0xf81f, 0xf81f, 0xf81f, 0xf81f, 0xf81f, 0xf81f, 0xf81f, 0xf81f, 0xf81f, 0xf81f, 0xf81f, 0xf81f, 0xf81f, 0xf81f,
    0xf81f, 0xa073, 0x620b, 0x6b2c, 0x630b, 0x7bce, 0x944f, 0xad33, 0x39c7, 0x7bef, 0x4a69, 0x4207, 0x5aca, 0x4a48, 0x08a1, 0xf81f, 0xf81f, 0xf81f, 0xf81f, 0xf81f, 0xf81f, 0x680d, 0x38c3, 0x5162, 0x1860, 0x7225, 0xac4e, 0x0000, 0x9b47, 0xfd8c, 0xed6c, 0xfd6b, 0x7a85, 0x0000, 0x9492, 0xcc8d, 0xd3c6, 0x5983, 0x2080, 0x30e1, 0x9244, 0xd428, 0x3102, 0x38e1, 0x5962, 0x4121, 0x5142, 0x18e0, 0x600c, 0xf81f, 0xf81f, 0xf81f, 0xf81f, 0xf81f, 0xf81f, 0xf81f, 0xf81f, 0xf81f, 0xf81f, 0xf81f, 0xf81f, 0xf81f, 0xf81f, 0xf81f,
    0xf81f, 0x08e1, 0x73ed, 0x6b2c, 0x4208, 0x736c, 0x734b, 0x8c0e, 0x62ea, 0x3165, 0x2124, 0x5a89, 0x62aa, 0x39c6, 0x1903, 0x4068, 0xf81f, 0xf81f, 0xf81f, 0xf81f, 0xf81f, 0x2863, 0x51a0, 0x69a3, 0x2080, 0x9347, 0xbccf, 0x0000, 0xabe9, 0xfdee, 0xf5ae, 0xfe2f, 0x7ae8, 0x0000, 0x94f4, 0xfe52, 0xe488, 0x8a64, 0x2060, 0x7a03, 0xd3c7, 0xb346, 0x28c1, 0x38e1, 0x4101, 0x38e1, 0x30c1, 0x20e0, 0x4008, 0xf81f, 0xf81f, 0xf81f, 0xf81f, 0xf81f, 0xf81f, 0xf81f, 0xf81f, 0xf81f, 0xf81f, 0xf81f, 0xf81f, 0xf81f, 0xf81f, 0xf81f,
    0xf81f, 0x500a, 0x0000, 0x1102, 0x2985, 0x5aca, 0x62ea, 0x62c9, 0x734c, 0x5a89, 0x5289, 0x5269, 0x5248, 0x2104, 0x73ae, 0x4b28, 0x5009, 0xf81f, 0xf81f, 0xf81f, 0xf81f, 0xf81f, 0x38e0, 0x5142, 0x1860, 0xa387, 0xdd0d, 0x5a25, 0xccab, 0xfdee, 0xf5ae, 0xfe0e, 0xabea, 0x51e5, 0xbd73, 0xfe52, 0xecca, 0xb345, 0x69a2, 0x71e3, 0x9ae6, 0x30e1, 0x1040, 0x2880, 0x1860, 0x30c1, 0x1060, 0x1842, 0xf81f, 0xf81f, 0xf81f, 0xf81f, 0xf81f, 0xf81f, 0xf81f, 0xf81f, 0xf81f, 0xf81f, 0xf81f, 0xf81f, 0xf81f, 0xf81f, 0xf81f, 0xf81f,
    0xf81f, 0xf81f, 0xf81f, 0x580c, 0x28a5, 0x3185, 0x4a48, 0x41e7, 0x5289, 0x62ea, 0x4a48, 0x4a28, 0x3186, 0x0861, 0x1943, 0x30e6, 0xf81f, 0xf81f, 0xf81f, 0xf81f, 0xf81f, 0xf81f, 0x2804, 0x20c0, 0x0820, 0x82a5, 0xfd8c, 0xfdcd, 0xf58c, 0xf5ce, 0xfdce, 0xf5ad, 0xf5ad, 0xfdee, 0xf58c, 0xed0b, 0xdc49, 0x8a64, 0x6182, 0x1040, 0x0000, 0x0000, 0x0820, 0x20c1, 0x20e3, 0x2903, 0x0020, 0x500b, 0xf81f, 0xf81f, 0xf81f, 0xf81f, 0xf81f, 0xf81f, 0xf81f, 0xf81f, 0xf81f, 0xf81f, 0xf81f, 0xf81f, 0xf81f, 0xf81f, 0xf81f, 0xf81f,
    0xf81f, 0xf81f, 0xf81f, 0xf81f, 0x680d, 0x08c1, 0x31a6, 0x39e7, 0x41e7, 0x39c7, 0x2104, 0x20e3, 0x1881, 0x1021, 0x600c, 0xf81f, 0xf81f, 0xf81f, 0xf81f, 0xf81f, 0xf81f, 0x686c, 0x4167, 0x4163, 0x1040, 0x28a1, 0xc3e8, 0xfd6c, 0xf56c, 0xdd0c, 0xd4cb, 0xe54c, 0xf5ad, 0xf58c, 0xed2b, 0xd428, 0xaae5, 0x28c1, 0x30c2, 0x1881, 0x4141, 0x6a03, 0x4164, 0x8b8a, 0x7b4b, 0x5aaa, 0x31a5, 0x40c8, 0xf81f, 0xf81f, 0xf81f, 0xf81f, 0xf81f, 0xf81f, 0xf81f, 0xf81f, 0xf81f, 0xf81f, 0xf81f, 0xf81f, 0xf81f, 0xf81f, 0xf81f, 0xf81f,
    0xf81f, 0xf81f, 0xf81f, 0xf81f, 0x680d, 0x636b, 0x6b0c, 0x0841, 0x1081, 0x20e2, 0x2104, 0x7284, 0x7261, 0x28c1, 0xf81f, 0xf81f, 0xf81f, 0xf81f, 0xf81f, 0xf81f, 0x2886, 0x636a, 0xa4b0, 0xa3c8, 0x28c1, 0x0066, 0x3923, 0x9b05, 0xd468, 0xab67, 0x9b06, 0xdcca, 0xfdad, 0xd469, 0xa2e5, 0x69c4, 0x1882, 0x1084, 0x10a5, 0x4182, 0xc425, 0x8bcc, 0xb554, 0xbd94, 0xa4f2, 0x8c0f, 0x734c, 0x630a, 0x2123, 0x9813, 0xf81f, 0xf81f, 0xf81f, 0xf81f, 0xf81f, 0xf81f, 0xf81f, 0xf81f, 0xf81f, 0xf81f, 0xf81f, 0xf81f, 0xf81f, 0xf81f,
    0xf81f, 0xf81f, 0xf81f, 0xf81f, 0x682d, 0x4ae9, 0x29c5, 0x0000, 0x5181, 0xa363, 0xde34, 0xd58b, 0x6a41, 0x0060, 0xf81f, 0xf81f, 0xf81f, 0xf81f, 0xf81f, 0x3827, 0x736a, 0xde76, 0xbd73, 0xbc68, 0x3941, 0x10c8, 0x2129, 0x0864, 0x30e2, 0xbba7, 0xc408, 0xbc08, 0xa305, 0x3903, 0x10a3, 0x2128, 0x214a, 0x18e7, 0x18c3, 0xb405, 0xbd0f, 0xdeba, 0xff9d, 0xef3b, 0xc5d6, 0xacf1, 0x9c4d, 0x8b6a, 0x6287, 0x30c3, 0xb016, 0xf81f, 0xf81f, 0xf81f, 0xf81f, 0xf81f, 0xf81f, 0xf81f, 0xf81f, 0xf81f, 0xf81f, 0xf81f, 0xf81f, 0xf81f,
    0xf81f, 0xf81f, 0xf81f, 0xf81f, 0xf81f, 0x780f, 0x600c, 0x3007, 0x51a1, 0x61e2, 0x6203, 0x4162, 0x10a0, 0x3807, 0xf81f, 0xf81f, 0xf81f, 0xf81f, 0xf81f, 0x1803, 0x7aa1, 0xd5f3, 0xce58, 0xd50a, 0x6a41, 0x0001, 0x216a, 0x320e, 0x31ed, 0x10a5, 0x0022, 0x0843, 0x0863, 0x216a, 0x3a2e, 0x31ce, 0x194b, 0x1062, 0x9b43, 0x8ba9, 0xce16, 0xde98, 0xdeb9, 0xbd93, 0xd52a, 0xb403, 0x4981, 0x20a0, 0x1860, 0x3120, 0x2883, 0xf81f, 0xf81f, 0xf81f, 0xf81f, 0xf81f, 0xf81f, 0xf81f, 0xf81f, 0xf81f, 0xf81f, 0xf81f, 0xf81f, 0xf81f,
    0xf81f, 0xf81f, 0xf81f, 0xf81f, 0xf81f, 0xf81f, 0xf81f, 0xf81f, 0x4027, 0x0020, 0x51a1, 0xac06, 0x2940, 0x9012, 0xf81f, 0xf81f, 0xf81f, 0xf81f, 0x702e, 0x2124, 0x20a0, 0x9b66, 0xb511, 0x8b68, 0x5180, 0x41a4, 0x41a6, 0x1908, 0x31ed, 0x31ed, 0x62ab, 0x730b, 0xa3c8, 0x5a8c, 0x192b, 0x10e7, 0x1084, 0x2080, 0x7242, 0x93ec, 0xa490, 0xc5b4, 0xcd2c, 0xccc5, 0x4181, 0x3143, 0x2965, 0x2125, 0x2104, 0x0881, 0x0000, 0xf81f, 0xf81f, 0xf81f, 0xf81f, 0xf81f, 0xf81f, 0xf81f, 0xf81f, 0xf81f, 0xf81f, 0xf81f, 0xf81f, 0xf81f,
    0xf81f, 0xf81f, 0xf81f, 0xf81f, 0xf81f, 0xf81f, 0xf81f, 0xf81f, 0xf81f, 0x1804, 0x4180, 0x7243, 0x20e0, 0xa014, 0xf81f, 0xf81f, 0xf81f, 0xf81f, 0x1843, 0x5b0b, 0x52ab, 0x4981, 0x8283, 0xac4a, 0xac66, 0x49c4, 0xac8e, 0x9bea, 0x28e3, 0x10e8, 0x41c9, 0x39a7, 0x3167, 0x18e7, 0x2902, 0x7285, 0x3102, 0xa3c4, 0xe650, 0x8b88, 0x836b, 0xbc26, 0x4140, 0x3983, 0x39e7, 0x94d3, 0xad34, 0x736d, 0x632c, 0x39e7, 0x1042, 0xf81f, 0xf81f, 0xf81f, 0xf81f, 0xf81f, 0xf81f, 0xf81f, 0xf81f, 0xf81f, 0xf81f, 0xf81f, 0xf81f, 0xf81f,
    0xf81f, 0xf81f, 0xf81f, 0xf81f, 0xf81f, 0xf81f, 0xf81f, 0xf81f, 0xf81f, 0xf81f, 0x30a2, 0x7222, 0x59a1, 0x4046, 0xf81f, 0xf81f, 0xf81f, 0xd81b, 0x0801, 0x4248, 0x8c51, 0x18c3, 0x8ae2, 0xbccc, 0x9ba5, 0x3963, 0xe633, 0xf6b5, 0xbd51, 0xacf1, 0xa44b, 0xa4b0, 0xa46e, 0xaccf, 0xddf1, 0xd58f, 0x3963, 0xa3a4, 0xa4ae, 0xb426, 0x7263, 0x3940, 0x2944, 0x6b8e, 0xad55, 0xdeba, 0xbdb6, 0x5aca, 0x39c7, 0x39c6, 0x1903, 0x2825, 0xf81f, 0xf81f, 0xf81f, 0xf81f, 0xf81f, 0xf81f, 0xf81f, 0xf81f, 0xf81f, 0xf81f, 0xf81f, 0xf81f,
    0xf81f, 0xf81f, 0xf81f, 0xf81f, 0xf81f, 0xf81f, 0xf81f, 0xf81f, 0xf81f, 0xf81f, 0x3006, 0x7a63, 0x8a63, 0x10a0, 0xf81f, 0xf81f, 0xf81f, 0x682c, 0x4a48, 0x73ae, 0x4a48, 0x4229, 0x3101, 0x92e2, 0x3920, 0x62ea, 0xff59, 0xeef8, 0xff38, 0xeded, 0xdd27, 0xf6f6, 0xff38, 0xff38, 0xf759, 0xeeb6, 0x3985, 0x59c0, 0xabc5, 0xabc3, 0x30e0, 0x18c4, 0x738e, 0x4a69, 0xad34, 0x9491, 0x5289, 0x6b2c, 0x6b6d, 0x5aca, 0x31e6, 0x1824, 0xf81f, 0xf81f, 0xf81f, 0xf81f, 0xf81f, 0xf81f, 0xf81f, 0xf81f, 0xf81f, 0xf81f, 0xf81f, 0xf81f,
    0xf81f, 0xf81f, 0xf81f, 0xf81f, 0xf81f, 0xf81f, 0xf81f, 0xf81f, 0xf81f, 0xf81f, 0x3007, 0x7222, 0x9284, 0x20c0, 0xf81f, 0xf81f, 0xf81f, 0x4029, 0x2924, 0x52ca, 0x73ae, 0x528a, 0x0041, 0x1860, 0x6287, 0xd635, 0xf739, 0xeef8, 0xee95, 0xc443, 0xcc42, 0xd54c, 0xf718, 0xeed7, 0xeed7, 0xeef7, 0xacae, 0x3122, 0x3920, 0x20c0, 0x0820, 0x2924, 0x62eb, 0x6b2c, 0x4207, 0x736d, 0x9cd2, 0x8c50, 0x5acb, 0x3186, 0x18e2, 0x2004, 0xf81f, 0xf81f, 0xf81f, 0xf81f, 0xf81f, 0xf81f, 0xf81f, 0xf81f, 0xf81f, 0xf81f, 0xf81f, 0xf81f,
    0xf81f, 0xf81f, 0xf81f, 0xf81f, 0xf81f, 0xf81f, 0xf81f, 0xf81f, 0xf81f, 0xf81f, 0x4809, 0x4180, 0x9284, 0x3920, 0xf81f, 0xf81f, 0xf81f, 0xf81f, 0x2005, 0x0840, 0x18e3, 0x0841, 0x0861, 0x0820, 0xb429, 0xf6d6, 0xeef6, 0xdd8c, 0xee95, 0xd4c6, 0xd4a3, 0xee74, 0xdd8c, 0xe652, 0xeef8, 0xe696, 0xf718, 0xac29, 0x4920, 0x0000, 0x18a3, 0x18c3, 0x10a2, 0x39e7, 0x8c50, 0x7bce, 0x4228, 0x10a2, 0x0820, 0x0000, 0x0000, 0x2044, 0xf81f, 0xf81f, 0xf81f, 0xf81f, 0xf81f, 0xf81f, 0xf81f, 0xf81f, 0xf81f, 0xf81f, 0xf81f, 0xf81f,
    0xf81f, 0xf81f, 0xf81f, 0xf81f, 0xf81f, 0xf81f, 0xf81f, 0xf81f, 0xf81f, 0xf81f, 0x600c, 0x38c1, 0x8a63, 0x7a03, 0x1060, 0xf81f, 0xf81f, 0xa014, 0x0000, 0x28c1, 0x2902, 0x18c2, 0x18a2, 0x0001, 0x6a21, 0xee31, 0xddac, 0xc402, 0xb3e3, 0xcc84, 0xcc84, 0xbc23, 0xc422, 0xdd8e, 0xeeb6, 0xde54, 0xe653, 0xc466, 0x20a0, 0x18c3, 0x0841, 0x18e3, 0x4a49, 0x2104, 0x1082, 0x1082, 0x0840, 0x1860, 0x30e1, 0x2081, 0x0841, 0x1945, 0x502a, 0xf81f, 0xf81f, 0xf81f, 0xf81f, 0xf81f, 0xf81f, 0xf81f, 0xf81f, 0xf81f, 0xf81f, 0xf81f,
    0xf81f, 0xf81f, 0xf81f, 0xf81f, 0xf81f, 0xf81f, 0xf81f, 0xf81f, 0xf81f, 0xf81f, 0xf81f, 0x602b, 0x59e1, 0x7a23, 0x1080, 0x600d, 0x9032, 0x3124, 0x4a28, 0x2944, 0x20a1, 0x3923, 0x28e3, 0x0841, 0x4980, 0xe58e, 0xd58f, 0xab82, 0xbc68, 0xc465, 0xbc23, 0xccc8, 0xc465, 0xc467, 0xe612, 0xde76, 0xb468, 0x9b42, 0x2903, 0x39e7, 0x10a2, 0x0020, 0x2124, 0x2965, 0x2902, 0x4143, 0x4143, 0x4963, 0x5183, 0x3901, 0x0840, 0x5203, 0x2846, 0xf81f, 0xf81f, 0xf81f, 0xf81f, 0xf81f, 0xf81f, 0xf81f, 0xf81f, 0xf81f, 0xf81f, 0xf81f,
    0xf81f, 0xf81f, 0xf81f, 0xf81f, 0xf81f, 0xf81f, 0xf81f, 0xf81f, 0xf81f, 0xf81f, 0xf81f, 0x580c, 0x3940, 0x71e3, 0x28a1, 0x0020, 0x0860, 0x6287, 0xb532, 0x7b6c, 0x41e7, 0x20c2, 0x20a1, 0x2104, 0x3963, 0x9b86, 0xd5f4, 0xddaf, 0xee96, 0xb407, 0xb3c3, 0xee95, 0xddcf, 0xee94, 0xe675, 0xbd2f, 0xb3e5, 0x7221, 0x3165, 0x39c7, 0x2966, 0x18a2, 0x0000, 0x1040, 0x4142, 0x3922, 0x5183, 0x69c4, 0x5163, 0x28c1, 0x1060, 0x59e1, 0x3906, 0xc018, 0xf81f, 0xf81f, 0xf81f, 0xf81f, 0xf81f, 0xf81f, 0xf81f, 0xf81f, 0xf81f, 0xf81f,
    0xf81f, 0xf81f, 0xf81f, 0xf81f, 0xf81f, 0xf81f, 0xf81f, 0xf81f, 0xf81f, 0xf81f, 0xf81f, 0x580a, 0x0860, 0x28a1, 0x1860, 0x5162, 0x8223, 0x28a0, 0x5a24, 0x93ed, 0x8c0e, 0x51e4, 0x0841, 0x18a2, 0x18e4, 0x51a1, 0xbcab, 0xe6b7, 0xcd6f, 0x92e2, 0x9b03, 0xc4cb, 0xde34, 0xee95, 0xc550, 0xb48c, 0xaba4, 0x28e1, 0x4a49, 0x31a6, 0x2104, 0x20e4, 0x0000, 0x1860, 0x28c1, 0x4122, 0x38e1, 0x28e2, 0x20a1, 0x28a0, 0x4921, 0x1881, 0x39a1, 0x2804, 0xf81f, 0xf81f, 0xf81f, 0xf81f, 0xf81f, 0xf81f, 0xf81f, 0xf81f, 0xf81f, 0xf81f,
    0xf81f, 0xf81f, 0xf81f, 0xf81f, 0xf81f, 0xf81f, 0xf81f, 0xf81f, 0xf81f, 0xf81f, 0x9011, 0x5142, 0x71e3, 0x4942, 0x28c1, 0x8a44, 0x71e3, 0x4921, 0x20c1, 0x9389, 0x5a88, 0x51e5, 0x28c1, 0x0000, 0x10a3, 0x2902, 0x9ba7, 0xc530, 0xa46e, 0x7a63, 0x9326, 0xbd30, 0xac8d, 0xcd91, 0xb4ef, 0x9389, 0x8aa3, 0x2903, 0x2966, 0x41e7, 0x2104, 0x0020, 0x0000, 0x0000, 0x20a1, 0x3962, 0x730a, 0xb511, 0xac6e, 0x8b49, 0x6a46, 0x4164, 0x1082, 0x10a5, 0x9011, 0xf81f, 0xf81f, 0xf81f, 0xf81f, 0xf81f, 0xf81f, 0xf81f, 0xf81f, 0xf81f,
    0xf81f, 0xf81f, 0xf81f, 0xf81f, 0xf81f, 0xf81f, 0xf81f, 0xf81f, 0xf81f, 0xf81f, 0x3044, 0x69e2, 0x8a44, 0x38e1, 0x4942, 0x8a64, 0x3901, 0x4101, 0x1860, 0x6a44, 0x5a88, 0x4a06, 0x28e2, 0x0820, 0x1860, 0x2081, 0x6a44, 0x62a8, 0x3963, 0x4141, 0x51c3, 0x49a3, 0x72e8, 0xb4cf, 0x9c2c, 0x5205, 0x4141, 0x0840, 0x0041, 0x1082, 0x1041, 0x1020, 0x0000, 0x0820, 0x4962, 0xab84, 0xb4ac, 0xa3ca, 0x9306, 0x6224, 0x6a66, 0x51a3, 0x1061, 0x1945, 0x3828, 0xf81f, 0xf81f, 0xf81f, 0xf81f, 0xf81f, 0xf81f, 0xf81f, 0xf81f, 0xf81f,
    0xf81f, 0xf81f, 0xf81f, 0xf81f, 0xf81f, 0xf81f, 0xf81f, 0xf81f, 0xf81f, 0xf81f, 0x1803, 0x5181, 0x5982, 0x30c1, 0x20a1, 0x3901, 0x1860, 0x28a1, 0x2081, 0x51a3, 0x49e6, 0x3185, 0x1082, 0x1860, 0x4941, 0x5142, 0x30a1, 0x20c1, 0x7ac4, 0x9304, 0x9325, 0x9b65, 0x4162, 0x20c2, 0x3102, 0x0840, 0x28a1, 0x69a2, 0x61a3, 0x5162, 0x4922, 0x4102, 0x1060, 0x1881, 0x4142, 0x4983, 0x838b, 0x9c70, 0x9470, 0x630b, 0x5acb, 0x3143, 0x20c0, 0x72a5, 0x18e8, 0x8811, 0xf81f, 0xf81f, 0xf81f, 0xf81f, 0xf81f, 0xf81f, 0xf81f, 0xf81f,
    0xf81f, 0xf81f, 0xf81f, 0xf81f, 0xf81f, 0xf81f, 0xf81f, 0xf81f, 0xf81f, 0xf81f, 0x1001, 0x5181, 0x9244, 0x9264, 0x5962, 0x0840, 0x2080, 0x30c1, 0x2081, 0x4162, 0x39a5, 0x18c2, 0x0000, 0x0000, 0x20a1, 0x5962, 0x5942, 0x7ac5, 0x8b25, 0x4942, 0x3080, 0x8b45, 0x6264, 0x40e1, 0x6182, 0x28a0, 0x30c1, 0x61a3, 0x7a03, 0x5142, 0x4921, 0x4101, 0x38e1, 0x0000, 0x2903, 0x7b08, 0xc594, 0x944e, 0x940e, 0x8bee, 0x4a48, 0x20e3, 0x20c0, 0x9b45, 0x1188, 0x3006, 0xf81f, 0xf81f, 0xf81f, 0xf81f, 0xf81f, 0xf81f, 0xf81f, 0xf81f,
    0xf81f, 0xf81f, 0xf81f, 0xf81f, 0xf81f, 0xf81f, 0xf81f, 0xf81f, 0xf81f, 0xf81f, 0x580b, 0x38c2, 0x69c2, 0x61a2, 0x4101, 0x28a1, 0x1040, 0x30e1, 0x28a1, 0x1081, 0x0841, 0x0020, 0x0000, 0x2104, 0x18a3, 0x2081, 0x2061, 0x4962, 0x6202, 0x4122, 0x4922, 0x7263, 0x3942, 0x30a1, 0x61a2, 0x28a1, 0x4101, 0x20a1, 0x8285, 0x4122, 0x2903, 0x3902, 0x28a1, 0x0000, 0x3122, 0x6a86, 0x8bcc, 0x942f, 0x8c0e, 0x62ea, 0x39a6, 0x0841, 0x30e1, 0xb3a4, 0x8b47, 0x10c6, 0x8811, 0xf81f, 0xf81f, 0xf81f, 0xf81f, 0xf81f, 0xf81f, 0xf81f,
    0xf81f, 0xf81f, 0xf81f, 0xf81f, 0xf81f, 0xf81f, 0xf81f, 0xf81f, 0xf81f, 0xf81f, 0xf81f, 0x4028, 0x10c0, 0x5962, 0x71e3, 0x5162, 0x1060, 0x0840, 0x0020, 0x1061, 0x0862, 0x0001, 0x0861, 0x3186, 0x5269, 0x3964, 0x20a1, 0x3102, 0x4121, 0x6203, 0x6223, 0x59e2, 0x20a1, 0x1881, 0x28a1, 0x1040, 0x30c1, 0x5162, 0x30e1, 0x1881, 0x5227, 0x28e2, 0x1881, 0x0841, 0x59c1, 0x93a9, 0xbd74, 0xac2b, 0x7ae7, 0x5a26, 0x39c6, 0x0021, 0x30e1, 0xc423, 0xabc6, 0x092a, 0x2825, 0xf81f, 0xf81f, 0xf81f, 0xf81f, 0xf81f, 0xf81f, 0xf81f,
    0xf81f, 0xf81f, 0xf81f, 0xf81f, 0xf81f, 0xf81f, 0xf81f, 0xf81f, 0xf81f, 0xf81f, 0xf81f, 0xf81f, 0x5849, 0x20e0, 0x3100, 0x28a1, 0x1060, 0x3006, 0x48e3, 0x4981, 0x0863, 0x0021, 0x2924, 0x41e7, 0x9450, 0x6aa8, 0x9324, 0xc50d, 0x5a68, 0x20c2, 0x3123, 0x3964, 0x6aa7, 0xa3ea, 0x4962, 0x0000, 0x28c1, 0x8263, 0x61e4, 0x61e4, 0x30c1, 0x30a1, 0x1880, 0x2081, 0x4101, 0x49e6, 0x7bce, 0xbd0e, 0xa3ea, 0x6225, 0x3985, 0x0020, 0x20c0, 0xc443, 0xbc05, 0x62cc, 0x10a7, 0xb016, 0xf81f, 0xf81f, 0xf81f, 0xf81f, 0xf81f, 0xf81f,
    0xf81f, 0xf81f, 0xf81f, 0xf81f, 0xf81f, 0xf81f, 0xf81f, 0xf81f, 0xf81f, 0xf81f, 0xf81f, 0xf81f, 0xf81f, 0x7810, 0x2004, 0x3921, 0x4121, 0x3806, 0x9245, 0x4163, 0x0885, 0x0861, 0x5aca, 0x62eb, 0x738d, 0x5a05, 0xac29, 0xf6d4, 0xcd4f, 0x9389, 0xbcee, 0xcd90, 0xb48d, 0xee74, 0x6a64, 0x0883, 0x18a2, 0x8263, 0xabea, 0x7a86, 0x6a45, 0x30e2, 0x20a1, 0x7203, 0x8223, 0x5982, 0x30a0, 0x5228, 0x4a48, 0x6267, 0x3964, 0x0000, 0x1880, 0xaba3, 0xd483, 0xabc6, 0x094a, 0x3808, 0xf81f, 0xf81f, 0xf81f, 0xf81f, 0xf81f, 0xf81f,
    0xf81f, 0xf81f, 0xf81f, 0xf81f, 0xf81f, 0xf81f, 0xf81f, 0xf81f, 0xf81f, 0xf81f, 0xf81f, 0xf81f, 0xf81f, 0xf81f, 0x582a, 0x59c1, 0x7a03, 0x1060, 0x7a82, 0x20c4, 0x0042, 0x31a6, 0x5aeb, 0x7bcf, 0x736e, 0x3901, 0xb4ae, 0xf6d6, 0xb4ad, 0xac4b, 0xe655, 0xe695, 0xac8d, 0xf6f5, 0x6264, 0x2966, 0x2966, 0x30e1, 0xa366, 0x8b27, 0x5a05, 0x1060, 0x69c3, 0x61a2, 0x7a23, 0xb325, 0x9284, 0x4101, 0x2880, 0x20a1, 0x1061, 0x0042, 0x20c2, 0xbbc2, 0xd4a4, 0x9bc9, 0x196c, 0x20e8, 0xf81f, 0xf81f, 0xf81f, 0xf81f, 0xf81f, 0xf81f,
    0xf81f, 0xf81f, 0xf81f, 0xf81f, 0xf81f, 0xf81f, 0xf81f, 0xf81f, 0xf81f, 0xf81f, 0xf81f, 0xf81f, 0xf81f, 0xf81f, 0x500a, 0x4160, 0x7a03, 0x38e1, 0x8282, 0x18c4, 0x0020, 0x5289, 0x41e7, 0x5acb, 0x6b4d, 0x6a43, 0xcd6f, 0xeed7, 0xac8c, 0xb48b, 0xe696, 0xe696, 0xbd0f, 0xf6d5, 0x5a03, 0x4209, 0x632d, 0x1082, 0x28a0, 0x59c3, 0x3902, 0x1040, 0x71c2, 0x2880, 0x5982, 0xa2e4, 0x8224, 0x7a03, 0x71c3, 0x4121, 0x0000, 0x0864, 0x18c4, 0x82a2, 0xd4e7, 0xc4ac, 0x6a67, 0x0989, 0x3808, 0xf81f, 0xf81f, 0xf81f, 0xf81f, 0xf81f,
    0xf81f, 0xf81f, 0xf81f, 0xf81f, 0xf81f, 0xf81f, 0xf81f, 0xf81f, 0xf81f, 0xf81f, 0xf81f, 0xf81f, 0xf81f, 0xf81f, 0x4009, 0x2900, 0x8a64, 0x5161, 0x20a1, 0x10a4, 0x2104, 0x6b4c, 0x736d, 0x5aaa, 0x2987, 0x82a1, 0xee0f, 0xeed7, 0xb48c, 0xd5f2, 0xeed6, 0xe695, 0xcd91, 0xf6f6, 0x5a23, 0x18c4, 0x52aa, 0x83ef, 0x3186, 0x1041, 0x18a2, 0x1082, 0x1860, 0x38e1, 0x69c3, 0x71e3, 0x61a2, 0x69c2, 0x5982, 0x4921, 0x1061, 0x10c6, 0x0885, 0x3101, 0xcc84, 0xd508, 0xa46f, 0x116b, 0x48ad, 0xf81f, 0xf81f, 0xf81f, 0xf81f, 0xf81f,
    0xf81f, 0xf81f, 0xf81f, 0xf81f, 0xf81f, 0xf81f, 0xf81f, 0xf81f, 0xf81f, 0xf81f, 0xf81f, 0xf81f, 0xf81f, 0xf81f, 0xf81f, 0x6888, 0x7a62, 0x7223, 0x1040, 0x0021, 0x2945, 0x5aca, 0x4a28, 0x7bcf, 0x4a6a, 0x7240, 0xe5ee, 0xeed7, 0xb4cd, 0xe675, 0xeef7, 0xe695, 0xc530, 0xf6f5, 0x6244, 0x52ab, 0x5acb, 0x528a, 0x632c, 0x39c7, 0x528a, 0x3186, 0x0000, 0x4901, 0x69c2, 0x4942, 0x5142, 0x4921, 0x30c1, 0x1060, 0x10a4, 0x1907, 0x0885, 0x20e1, 0xcc62, 0xdd48, 0xacf5, 0x218d, 0x2148, 0x3807, 0xf81f, 0xf81f, 0xf81f, 0xf81f,
    0xf81f, 0xf81f, 0xf81f, 0xf81f, 0xf81f, 0xf81f, 0xf81f, 0xf81f, 0xf81f, 0xf81f, 0xf81f, 0xf81f, 0xf81f, 0xf81f, 0xf81f, 0x600d, 0x72e3, 0x9b05, 0x28a1, 0x0000, 0x4208, 0x4a49, 0x736d, 0x6b2c, 0x2126, 0x82c0, 0xf64f, 0xe6b7, 0xb4ad, 0xe675, 0xeef8, 0xe696, 0xbd0f, 0xff17, 0x62e9, 0x2125, 0x6b2c, 0x9cd2, 0x6b4c, 0x6b2c, 0x4208, 0x41e7, 0x3165, 0x18a2, 0x0841, 0x0000, 0x0820, 0x0841, 0x0021, 0x0863, 0x18e6, 0x1908, 0x10a7, 0x3123, 0xbbe2, 0xd4e7, 0xc50f, 0x72ea, 0x31ea, 0x1804, 0xf81f, 0xf81f, 0xf81f, 0xf81f,
    0xf81f, 0xf81f, 0xf81f, 0xf81f, 0xf81f, 0xf81f, 0xf81f, 0xf81f, 0xf81f, 0xf81f, 0xf81f, 0xf81f, 0xf81f, 0xf81f, 0xf81f, 0x580d, 0x49c0, 0x8aa3, 0x4121, 0x0000, 0x20e3, 0x4a28, 0x4a49, 0x5aaa, 0x2945, 0x8b23, 0xfeb3, 0xe6b7, 0xb4cf, 0xde55, 0xeed7, 0xe675, 0xbd0f, 0xf718, 0x7b6a, 0x39a6, 0x4208, 0x52ab, 0xb595, 0x4a28, 0x630c, 0x4a69, 0x4208, 0x2965, 0x10a2, 0x0841, 0x0000, 0x0842, 0x10c5, 0x18c5, 0x2107, 0x1907, 0x10e7, 0x18e4, 0x82c2, 0xcc84, 0xc446, 0xa44b, 0x218d, 0x28e9, 0xa034, 0xf81f, 0xf81f, 0xf81f,
    0xf81f, 0xf81f, 0xf81f, 0xf81f, 0xf81f, 0xf81f, 0xf81f, 0xf81f, 0xf81f, 0xf81f, 0xf81f, 0xf81f, 0xf81f, 0xf81f, 0xf81f, 0x4048, 0x2900, 0x7242, 0x7223, 0x1881, 0x1082, 0x0841, 0x3186, 0x41e7, 0x1861, 0x9bea, 0xf738, 0xe675, 0xbcef, 0xde34, 0xeed7, 0xe696, 0xbcef, 0xeed7, 0xbc6a, 0x4982, 0x630c, 0x41e7, 0x5acb, 0x7bcf, 0x4a49, 0x4a49, 0x3165, 0x0840, 0x0041, 0x3964, 0x2903, 0x0000, 0x1084, 0x18c6, 0x4144, 0x2906, 0x18e8, 0x0885, 0x41a2, 0xcc83, 0xc4a9, 0x9c71, 0x196e, 0x29eb, 0x1824, 0xf81f, 0xf81f, 0xf81f,
    0xf81f, 0xf81f, 0xf81f, 0xf81f, 0xf81f, 0xf81f, 0xf81f, 0xf81f, 0xf81f, 0xf81f, 0xf81f, 0xf81f, 0xf81f, 0xf81f, 0x9813, 0x2940, 0x28e1, 0x61c2, 0x7223, 0x0020, 0x2125, 0x62eb, 0x2945, 0x0000, 0x4100, 0xccca, 0xf6f7, 0xde54, 0xb4ce, 0xde75, 0xeef7, 0xde75, 0xb4ce, 0xe696, 0xd50a, 0x3100, 0x39c8, 0x2924, 0x1082, 0x4208, 0x3186, 0x10a2, 0x1061, 0x4184, 0x0862, 0x6225, 0x5a05, 0x0862, 0x0022, 0x10c6, 0x59a4, 0x3946, 0x10e7, 0x0866, 0x3941, 0xcc43, 0xbc68, 0xc54f, 0x6289, 0x29c9, 0x2026, 0xf81f, 0xf81f, 0xf81f,
    0xf81f, 0xf81f, 0xf81f, 0xf81f, 0xf81f, 0xf81f, 0xf81f, 0xf81f, 0xf81f, 0xf81f, 0xf81f, 0xf81f, 0xf81f, 0xf81f, 0x604b, 0x6a41, 0x6202, 0x20a1, 0x30c0, 0x4161, 0x8b47, 0x5249, 0x5a8a, 0x18e4, 0x59c0, 0xdd29, 0xeed7, 0xde54, 0xb4ee, 0xde75, 0xf718, 0xd5d2, 0xac6c, 0xe6b7, 0xdd4a, 0x28c0, 0x0000, 0x18e4, 0x2945, 0x4a28, 0x8c30, 0x62ec, 0x2104, 0x3144, 0x4183, 0x3123, 0x3985, 0x5a04, 0x1880, 0x0885, 0x4985, 0x4985, 0x10e8, 0x0866, 0x3942, 0xd483, 0xbc68, 0xedcc, 0x82e5, 0x116b, 0x18a7, 0x9813, 0xf81f, 0xf81f,
    0xf81f, 0xf81f, 0xf81f, 0xf81f, 0xf81f, 0xf81f, 0xf81f, 0xf81f, 0xf81f, 0xf81f, 0xf81f, 0xf81f, 0xf81f, 0xf81f, 0x3064, 0x9b42, 0x6204, 0x0843, 0x0000, 0x59c1, 0xbc26, 0x9367, 0x5227, 0x18c4, 0x7240, 0xe5ee, 0xeed7, 0xde13, 0xac6d, 0xde34, 0xf718, 0xd5f3, 0xac8d, 0xde55, 0xe5ed, 0x3100, 0x10a3, 0x734c, 0x41e7, 0x6b2c, 0x9c91, 0x4a49, 0x7b6c, 0x7308, 0x51a2, 0x3921, 0x6a43, 0x8ac3, 0x28e0, 0x0065, 0x2927, 0x1908, 0x18e7, 0x10a7, 0x3123, 0xbc03, 0xd508, 0xe5d0, 0x836b, 0x194c, 0x1148, 0x1804, 0xf81f, 0xf81f,
    0xf81f, 0xf81f, 0xf81f, 0xf81f, 0xf81f, 0xf81f, 0xf81f, 0xf81f, 0xf81f, 0xf81f, 0xf81f, 0xf81f, 0xf81f, 0xf81f, 0x3885, 0x9b42, 0x3964, 0x0065, 0x0043, 0x0820, 0x3101, 0x9b44, 0x8b04, 0x20a2, 0x7a80, 0xf670, 0xeeb7, 0xd5d2, 0x9beb, 0xde34, 0xf6f8, 0xde54, 0xb4ae, 0xd5f3, 0xee0d, 0x4981, 0x30e1, 0x8b05, 0x7309, 0x49a4, 0xb4f0, 0x9c2d, 0x7b6b, 0x6a85, 0x1041, 0x0820, 0x4961, 0x3100, 0x0020, 0x0885, 0x08c8, 0x2126, 0x59c3, 0x51a3, 0x59c2, 0xaba3, 0xc464, 0xcccc, 0x8412, 0x194b, 0x5a23, 0x3025, 0xf81f, 0xf81f,
    0xf81f, 0xf81f, 0xf81f, 0xf81f, 0xf81f, 0xf81f, 0xf81f, 0xf81f, 0xf81f, 0xf81f, 0xf81f, 0xf81f, 0xf81f, 0xf81f, 0x2883, 0x9322, 0x4163, 0x3103, 0x3124, 0x18a2, 0x0841, 0x3101, 0x3101, 0x0820, 0x7aa1, 0xd56b, 0xe674, 0xde35, 0xb4ce, 0xcd92, 0xeeb6, 0xd5d2, 0xac6d, 0xd614, 0xedee, 0x8ac1, 0x0820, 0x3920, 0x7aa4, 0x72e9, 0x9c0c, 0x72e7, 0x20c2, 0x0840, 0x1881, 0x1881, 0x0840, 0x0000, 0x0023, 0x2105, 0x4964, 0x61c2, 0x6a02, 0x61e3, 0x5182, 0x5a02, 0xbc23, 0xb44a, 0x9c4f, 0x82a5, 0x7a80, 0x2024, 0xf81f, 0xf81f,
    0xf81f, 0xf81f, 0xf81f, 0xf81f, 0xf81f, 0xf81f, 0xf81f, 0xf81f, 0xf81f, 0xf81f, 0xf81f, 0xf81f, 0xf81f, 0xf81f, 0xf81f, 0x51e0, 0x3120, 0x10a0, 0x5182, 0x4983, 0x1061, 0x1060, 0x0820, 0x0000, 0x9b63, 0xd482, 0xd508, 0xcd4d, 0x9bca, 0xcd91, 0xf6f7, 0xd5f2, 0x9bc9, 0xc4ec, 0xed89, 0x9b42, 0x0000, 0x0000, 0x1061, 0x3186, 0x3186, 0x18a1, 0x1860, 0x30c1, 0x4101, 0x4101, 0x1040, 0x20c2, 0x4144, 0x59c2, 0x7222, 0x6a22, 0x2100, 0x0880, 0x10a0, 0x49a1, 0xc443, 0xa3c9, 0xc4ca, 0xab81, 0x5162, 0x8811, 0xf81f, 0xf81f,
    0xf81f, 0xf81f, 0xf81f, 0xf81f, 0xf81f, 0xf81f, 0xf81f, 0xf81f, 0xf81f, 0xf81f, 0xf81f, 0xf81f, 0xf81f, 0xf81f, 0xf81f, 0x3846, 0x4046, 0x780f, 0x20a1, 0x18c0, 0x0020, 0x28c1, 0x4101, 0x1060, 0x4161, 0xb403, 0xe4e2, 0xc422, 0xa343, 0xc466, 0xd528, 0xc4c7, 0xab84, 0xc402, 0xdce3, 0x82e2, 0x0000, 0x0820, 0x2080, 0x2080, 0x30c0, 0x38e1, 0x4921, 0x5982, 0x4921, 0x38e1, 0x0820, 0x4121, 0x6a02, 0x51a1, 0x2100, 0x28c1, 0x700e, 0x8811, 0x500b, 0x49c1, 0xd4a3, 0xb3c6, 0xbc06, 0x5200, 0x2807, 0xf81f, 0xf81f, 0xf81f,
    0xf81f, 0xf81f, 0xf81f, 0xf81f, 0xf81f, 0xf81f, 0xf81f, 0xf81f, 0xf81f, 0xf81f, 0xf81f, 0xf81f, 0xf81f, 0xf81f, 0xf81f, 0xf81f, 0xf81f, 0xf81f, 0xf81f, 0xa015, 0x1002, 0x3901, 0x5142, 0x3901, 0x0000, 0x20c0, 0x49a1, 0x6222, 0xb3c2, 0xc422, 0xcc82, 0xd4c2, 0xaba3, 0x9303, 0x51c0, 0x2100, 0x2101, 0x2100, 0x18a0, 0x30e1, 0x4121, 0x69c2, 0x71c2, 0x69a2, 0x5962, 0x4101, 0x2081, 0x1040, 0x1880, 0x1861, 0x9013, 0xb017, 0xf81f, 0xf81f, 0xf81f, 0x49e1, 0xe524, 0xaba2, 0x59e0, 0x1022, 0xf81f, 0xf81f, 0xf81f, 0xf81f,
    0xf81f, 0xf81f, 0xf81f, 0xf81f, 0xf81f, 0xf81f, 0xf81f, 0xf81f, 0xf81f, 0xf81f, 0xf81f, 0xf81f, 0xf81f, 0xf81f, 0xf81f, 0xf81f, 0xf81f, 0xf81f, 0xf81f, 0x600c, 0x1860, 0x30e1, 0x30c1, 0x30c1, 0x38e1, 0x2081, 0x0820, 0x0820, 0x3101, 0x3101, 0x3921, 0x4141, 0x28c1, 0x1060, 0x700e, 0xf81f, 0x2863, 0x4067, 0x2805, 0x2080, 0x4122, 0x5982, 0x5142, 0x5162, 0x5142, 0x3901, 0x28c0, 0x1803, 0xf81f, 0xf81f, 0xf81f, 0xf81f, 0xf81f, 0xf81f, 0xf81f, 0x3980, 0x9321, 0x20e0, 0x682b, 0xf81f, 0xf81f, 0xf81f, 0xf81f, 0xf81f,
    0xf81f, 0xf81f, 0xf81f, 0xf81f, 0xf81f, 0xf81f, 0xf81f, 0xf81f, 0xf81f, 0xf81f, 0xf81f, 0xf81f, 0xf81f, 0xf81f, 0xf81f, 0xf81f, 0xf81f, 0xf81f, 0x3826, 0x4141, 0x69e2, 0x69a3, 0x61a3, 0x4122, 0x30e1, 0x3901, 0x28a1, 0x2081, 0x2081, 0x0000, 0x8812, 0xf81f, 0xf81f, 0xf81f, 0xf81f, 0xf81f, 0xf81f, 0xf81f, 0xf81f, 0x1842, 0x3901, 0x28a1, 0x2080, 0x30c1, 0x28a1, 0x28a1, 0x28c1, 0x1881, 0x700e, 0xf81f, 0xf81f, 0xf81f, 0xf81f, 0xf81f, 0xf81f, 0x1041, 0x4867, 0xf81f, 0xf81f, 0xf81f, 0xf81f, 0xf81f, 0xf81f, 0xf81f,
    0xf81f, 0xf81f, 0xf81f, 0xf81f, 0xf81f, 0xf81f, 0xf81f, 0xf81f, 0xf81f, 0xf81f, 0xf81f, 0xf81f, 0xf81f, 0xf81f, 0xf81f, 0xf81f, 0xf81f, 0x4027, 0x49a0, 0x92a4, 0x92a4, 0x7203, 0x69a3, 0x5162, 0x3901, 0x30e1, 0x2081, 0x28c1, 0x30e1, 0x0820, 0x70ae, 0x88f1, 0x80b0, 0x80cf, 0x80d0, 0x78cf, 0x78af, 0xf81f, 0x606c, 0x1021, 0x28a0, 0x5142, 0x69e3, 0x71e3, 0x6182, 0x30c1, 0x30c1, 0x20a0, 0x2005, 0xc057, 0xd039, 0xc858, 0xf81f, 0xf81f, 0xf81f, 0xf81f, 0xf81f, 0xf81f, 0xf81f, 0xf81f, 0xf81f, 0xf81f, 0xf81f, 0xf81f,
    0xf81f, 0xf81f, 0xf81f, 0xf81f, 0xf81f, 0xf81f, 0xf81f, 0xf81f, 0xf81f, 0xf81f, 0xf81f, 0xf81f, 0xf81f, 0xf81f, 0xb076, 0x8090, 0x58cd, 0x0841, 0x3900, 0x61a3, 0x69c3, 0x5162, 0x4942, 0x4101, 0x28c0, 0x1060, 0x1060, 0x1880, 0x0840, 0x1843, 0x60cc, 0x68ed, 0x60ec, 0x68ed, 0x68ec, 0x60cc, 0x60cc, 0x70ee, 0x2866, 0x2080, 0x69c3, 0x8a64, 0x92a4, 0x9284, 0x8243, 0x69c3, 0x4921, 0x20a0, 0x2065, 0x710e, 0x60ec, 0x60ec, 0x80d0, 0xc058, 0xf81f, 0xf81f, 0xf81f, 0xf81f, 0xf81f, 0xf81f, 0xf81f, 0xf81f, 0xf81f, 0xf81f,
    0xf81f, 0xf81f, 0xf81f, 0xf81f, 0xf81f, 0xf81f, 0xf81f, 0xf81f, 0xf81f, 0xf81f, 0xf81f, 0xf81f, 0xf81f, 0xf81f, 0x9893, 0x68ad, 0x48ea, 0x2886, 0x0860, 0x20a0, 0x20a0, 0x1880, 0x1880, 0x1060, 0x1022, 0x3046, 0x3066, 0x3086, 0x3066, 0x58cc, 0x68ed, 0x60ed, 0x68ed, 0x68ed, 0x68ed, 0x68cd, 0x68ed, 0x70ee, 0x2845, 0x28c0, 0x61c3, 0x71e3, 0x8223, 0x7a23, 0x69c3, 0x5162, 0x38e1, 0x0840, 0x2865, 0x70ee, 0x68ed, 0x68ed, 0x60ec, 0x510a, 0x58ec, 0xa054, 0xf81f, 0xf81f, 0xf81f, 0xf81f, 0xf81f, 0xf81f, 0xf81f, 0xf81f,
    0xf81f, 0xf81f, 0xf81f, 0xf81f, 0xf81f, 0xf81f, 0xf81f, 0xf81f, 0xf81f, 0xf81f, 0xf81f, 0xf81f, 0xf81f, 0xf81f, 0xf81f, 0xc058, 0x9894, 0xb076, 0x8831, 0x506a, 0x3867, 0x4068, 0x3868, 0x3067, 0x50ab, 0x70ee, 0x68ed, 0x68ed, 0x690d, 0x60ec, 0x60ec, 0x60ec, 0x610c, 0x610c, 0x60ec, 0x60ec, 0x60ec, 0xf81f, 0x50aa, 0x1862, 0x28e0, 0x3920, 0x4960, 0x3920, 0x3120, 0x28e0, 0x0040, 0x1022, 0x60cb, 0x610c, 0x60ec, 0x610c, 0x80b0, 0xb096, 0xb877, 0xf81f, 0xf81f, 0xf81f, 0xf81f, 0xf81f, 0xf81f, 0xf81f, 0xf81f, 0xf81f,
    0xf81f, 0xf81f, 0xf81f, 0xf81f, 0xf81f, 0xf81f, 0xf81f, 0xf81f, 0xf81f, 0xf81f, 0xf81f, 0xf81f, 0xf81f, 0xf81f, 0xf81f, 0xf81f, 0xf81f, 0xf81f, 0xf81f, 0xf81f, 0xf81f, 0xf81f, 0xf81f, 0xf81f, 0xf81f, 0xf81f, 0xf81f, 0xf81f, 0xf81f, 0xf81f, 0xf81f, 0xf81f, 0xf81f, 0xf81f, 0xf81f, 0xf81f, 0xf81f, 0xf81f, 0xf81f, 0x8071, 0x602c, 0x5029, 0x4829, 0x4008, 0x4828, 0x4028, 0x502b, 0xf81f, 0xf81f, 0xf81f, 0xf81f, 0xf81f, 0xf81f, 0xf81f, 0xf81f, 0xf81f, 0xf81f, 0xf81f, 0xf81f, 0xf81f, 0xf81f, 0xf81f, 0xf81f, 0xf81f
};
const int cleric64x64_width  = 64;
const int cleric64x64_height = 64;

